hotel,market_segment,distribution_channel,customer_type,lead_time_band,deposit_type,bookings,cancellations,realized_revenue,lost_revenue_estimate,room_nights_realized,adr,average_lead_time,repeat_guest_rate,average_special_requests,cancellation_rate,revenue_per_booking,segment_risk_score
City Hotel,Groups,TA/TO,Transient,12+ months,Non Refund,1405,1405,0.0,195486.19,0,65.00749466192171,464.57722419928825,0.0,0.0,1.0,0.0,78.86
City Hotel,Offline TA/TO,TA/TO,Transient,12+ months,Non Refund,281,281,0.0,48610.0,0,84.30604982206405,428.65836298932385,0.0,0.0,1.0,0.0,75.98
City Hotel,Groups,TA/TO,Transient-Party,12+ months,Non Refund,1,1,0.0,90.0,0,90.0,437.0,0.0,0.0,1.0,0.0,75.76
City Hotel,Groups,TA/TO,Transient,6-12 months,Non Refund,1915,1915,0.0,497640.5,0,93.5537859007833,275.0809399477807,0.0,0.0,1.0,0.0,75.27
Resort Hotel,Groups,TA/TO,Transient,12+ months,Non Refund,97,97,0.0,27039.0,0,66.6340206185567,414.30927835051546,0.0,0.0,1.0,0.0,75.23
City Hotel,Offline TA/TO,TA/TO,Transient,6-12 months,Non Refund,1696,1696,0.0,481572.6,0,98.38242924528302,260.6002358490566,0.0,0.0,1.0,0.0,74.58
City Hotel,Offline TA/TO,TA/TO,Transient-Party,12+ months,Non Refund,1,1,0.0,90.0,0,90.0,394.0,0.0,0.0,1.0,0.0,74.21
City Hotel,Direct,Direct,Transient,12+ months,No Deposit,1,1,0.0,636.0,0,159.0,387.0,0.0,3.0,1.0,0.0,73.97
Resort Hotel,Groups,Direct,Transient,12+ months,Non Refund,20,20,0.0,5280.0,0,66.0,385.0,0.0,0.0,1.0,0.0,73.94
City Hotel,Online TA,TA/TO,Contract,12+ months,No Deposit,1,1,0.0,243.0,0,81.0,380.0,0.0,1.0,1.0,0.0,73.71
City Hotel,Groups,TA/TO,Contract,12+ months,Non Refund,60,60,0.0,7440.0,0,62.0,372.6666666666667,0.0,0.0,1.0,0.0,73.52
City Hotel,Groups,TA/TO,Contract,6-12 months,Non Refund,480,480,0.0,59520.0,0,62.0,323.0,0.0,0.0,1.0,0.0,72.29
City Hotel,Offline TA/TO,TA/TO,Transient-Party,6-12 months,Non Refund,271,270,361.25,50468.0,5,102.2370848708487,315.97047970479707,0.0,0.0,0.996309963099631,1.3330258302583027,71.72
City Hotel,Groups,TA/TO,Transient-Party,6-12 months,Non Refund,516,516,0.0,69516.0,0,62.93023255813954,301.9282945736434,0.0,0.0,1.0,0.0,71.64
City Hotel,Online TA,TA/TO,Transient,6-12 months,Refundable,3,3,0.0,5859.0,0,139.5,315.0,0.0,1.0,1.0,0.0,71.42
City Hotel,Groups,TA/TO,Transient,3-6 months,Non Refund,1669,1669,0.0,519936.14,0,109.60894547633312,137.9754343918514,0.0,0.0,1.0,0.0,70.57
Resort Hotel,Groups,TA/TO,Transient,6-12 months,Non Refund,355,355,0.0,93783.85,0,71.56323943661972,248.27042253521128,0.0,0.0,1.0,0.0,69.96
City Hotel,Groups,TA/TO,Contract,6-12 months,No Deposit,160,160,0.0,19840.0,0,62.0,269.875,0.00625,0.0,1.0,0.0,69.95
City Hotel,Offline TA/TO,TA/TO,Transient,3-6 months,Non Refund,1505,1505,0.0,458792.8,0,105.79873754152824,135.69102990033224,0.0,0.0,1.0,0.0,69.83
Resort Hotel,Online TA,TA/TO,Transient-Party,6-12 months,Non Refund,1,1,0.0,400.5,0,80.1,263.0,0.0,1.0,1.0,0.0,69.49
Resort Hotel,Offline TA/TO,TA/TO,Contract,6-12 months,Refundable,2,2,0.0,1428.14,0,78.23,262.5,0.0,1.0,1.0,0.0,69.48
Resort Hotel,Offline TA/TO,TA/TO,Transient,6-12 months,Non Refund,120,120,0.0,29931.83,0,50.937416666666664,250.49166666666667,0.0,0.0,1.0,0.0,69.36
Resort Hotel,Groups,Corporate,Transient,6-12 months,Non Refund,131,131,0.0,23076.0,0,45.49045801526717,252.34351145038167,0.0,0.0,1.0,0.0,69.35
Resort Hotel,Groups,Direct,Transient,6-12 months,Non Refund,54,54,0.0,34585.66,0,68.38481481481482,231.53703703703704,0.0,0.0,1.0,0.0,68.72
City Hotel,Online TA,TA/TO,Transient,6-12 months,Non Refund,13,13,0.0,4505.0,0,86.63461538461539,232.07692307692307,0.0,0.0,1.0,0.0,68.42
City Hotel,Online TA,GDS,Transient,6-12 months,No Deposit,1,1,0.0,372.0,0,124.0,220.0,0.0,0.0,1.0,0.0,67.94
City Hotel,Corporate,TA/TO,Transient,6-12 months,Non Refund,2,2,0.0,920.0,0,115.0,212.0,0.0,0.0,1.0,0.0,67.66
Resort Hotel,Online TA,TA/TO,Transient,12+ months,No Deposit,9,8,1744.61,7378.4,7,158.29222222222222,382.1111111111111,0.0,0.7777777777777778,0.8888888888888888,193.84555555555553,67.19
City Hotel,Groups,Direct,Transient,6-12 months,Non Refund,19,19,0.0,5060.0,0,128.1578947368421,183.52631578947367,0.0,0.0,1.0,0.0,66.67
Resort Hotel,Online TA,TA/TO,Transient,6-12 months,Refundable,1,1,0.0,304.0,0,76.0,183.0,0.0,1.0,1.0,0.0,66.6
Resort Hotel,Online TA,TA/TO,Transient,3-6 months,Non Refund,10,10,0.0,4806.0,0,80.1,177.0,0.0,0.0,1.0,0.0,66.44
Resort Hotel,Groups,TA/TO,Transient,3-6 months,Non Refund,344,344,0.0,112317.55,0,74.91322674418605,137.04651162790697,0.0,0.0,1.0,0.0,66.15
City Hotel,Groups,TA/TO,Transient-Party,3-6 months,Non Refund,30,30,0.0,7740.0,0,86.0,165.0,0.0,0.0,1.0,0.0,66.03
City Hotel,Direct,Direct,Transient,3-6 months,Non Refund,10,10,0.0,2850.0,0,95.0,165.2,0.0,0.0,1.0,0.0,65.99
City Hotel,Online TA,TA/TO,Transient,3-6 months,Refundable,5,5,0.0,2034.8,0,121.54,165.6,0.0,0.0,1.0,0.0,65.99
Resort Hotel,Groups,TA/TO,Transient-Party,3-6 months,Refundable,3,3,0.0,819.0,0,39.0,162.0,0.0,0.0,1.0,0.0,65.85
City Hotel,Groups,TA/TO,Transient,1-3 months,Non Refund,1215,1215,0.0,314983.0,0,97.5917695473251,67.77942386831276,0.0,0.0,1.0,0.0,65.83
Resort Hotel,Offline TA/TO,TA/TO,Transient,3-6 months,Non Refund,16,16,0.0,3328.0,0,52.0,157.0,0.0,0.0,1.0,0.0,65.7
City Hotel,Corporate,Corporate,Transient-Party,6-12 months,Non Refund,19,18,106.0,5543.0,1,107.63157894736842,243.0,0.0,0.0,0.9473684210526315,5.578947368421052,65.67
Resort Hotel,Groups,Direct,Transient-Party,3-6 months,Non Refund,1,1,0.0,36.0,0,36.0,155.0,0.0,0.0,1.0,0.0,65.59
City Hotel,Offline TA/TO,Corporate,Transient,3-6 months,Non Refund,5,5,0.0,1000.0,0,200.0,151.0,0.0,0.0,1.0,0.0,65.46
City Hotel,Online TA,GDS,Transient,3-6 months,No Deposit,2,2,0.0,280.0,0,140.0,151.0,0.0,1.0,1.0,0.0,65.45
City Hotel,Corporate,TA/TO,Transient,3-6 months,Non Refund,71,71,0.0,25920.0,0,104.64788732394366,131.59154929577466,0.0,0.0,1.0,0.0,65.03
Resort Hotel,Online TA,TA/TO,Transient,3-6 months,Refundable,2,2,0.0,1583.44,0,169.18,134.5,0.0,1.0,1.0,0.0,64.87
Resort Hotel,Groups,Direct,Transient,3-6 months,Non Refund,171,171,0.0,31987.95,0,65.70087719298246,121.28654970760233,0.0,0.0,1.0,0.0,64.72
Resort Hotel,Complementary,Corporate,Transient,3-6 months,No Deposit,2,2,0.0,0.0,0,0.0,126.0,0.0,0.0,1.0,0.0,64.54
City Hotel,Groups,Direct,Transient,3-6 months,Non Refund,78,78,0.0,22765.0,0,87.94871794871794,109.88461538461539,0.0,0.0,1.0,0.0,64.21
City Hotel,Offline TA/TO,TA/TO,Transient,1-3 months,Non Refund,735,735,0.0,205479.0,0,94.57142857142857,55.265306122448976,0.0,0.005442176870748299,1.0,0.0,64.2
Resort Hotel,Groups,Corporate,Contract,3-6 months,Non Refund,4,4,0.0,3312.0,0,36.0,114.0,0.0,0.0,1.0,0.0,64.15
City Hotel,Corporate,Corporate,Transient-Party,3-6 months,Refundable,1,1,0.0,474.0,0,79.0,113.0,0.0,0.0,1.0,0.0,64.08
City Hotel,Offline TA/TO,TA/TO,Transient-Party,3-6 months,Non Refund,74,74,0.0,14334.0,0,96.85135135135135,102.0,0.0,0.0,1.0,0.0,63.83
Resort Hotel,Groups,Corporate,Transient,3-6 months,Non Refund,51,51,0.0,7419.95,0,63.404901960784315,103.11764705882354,0.0,0.0,1.0,0.0,63.8
City Hotel,Online TA,TA/TO,Transient,12+ months,No Deposit,6,5,291.1,1377.55,2,101.60833333333333,378.3333333333333,0.0,0.6666666666666666,0.8333333333333334,48.51666666666667,63.66
City Hotel,Groups,TA/TO,Contract,3-6 months,No Deposit,1,1,0.0,255.0,0,85.0,98.0,0.0,0.0,1.0,0.0,63.54
City Hotel,Groups,Corporate,Transient,1-3 months,Non Refund,10,10,0.0,2000.0,0,100.0,87.0,0.0,0.0,1.0,0.0,63.16
Resort Hotel,Groups,TA/TO,Transient,1-3 months,Non Refund,168,168,0.0,34760.3,0,55.787499999999994,74.41666666666667,0.0,0.0,1.0,0.0,63.06
Resort Hotel,Offline TA/TO,TA/TO,Transient,1-3 months,Non Refund,10,10,0.0,5940.0,0,198.0,77.0,0.0,0.0,1.0,0.0,62.84
City Hotel,Offline TA/TO,TA/TO,Transient-Party,1-3 months,Non Refund,71,71,0.0,13854.0,0,97.56338028169014,74.0,0.0,0.0,1.0,0.0,62.82
Resort Hotel,Groups,TA/TO,Transient-Party,6-12 months,Non Refund,14,13,205.0,2210.0,2,86.25,183.0,0.0,0.0,0.9285714285714286,14.642857142857142,62.34
City Hotel,Direct,Direct,Transient,1-3 months,Refundable,1,1,0.0,279.0,0,139.5,61.0,0.0,0.0,1.0,0.0,62.2
City Hotel,Complementary,Corporate,Transient,1-3 months,No Deposit,2,2,0.0,0.0,0,0.0,59.0,0.0,1.0,1.0,0.0,62.13
City Hotel,Offline TA/TO,Corporate,Transient-Party,1-3 months,No Deposit,60,60,0.0,7200.0,0,120.0,56.0,0.0,0.0,1.0,0.0,62.1
Resort Hotel,Direct,Direct,Group,6-12 months,No Deposit,13,11,1827.56,0.0,11,24.795384615384616,312.46153846153845,0.15384615384615385,0.15384615384615385,0.8461538461538461,140.58153846153846,62.04
Resort Hotel,Online TA,TA/TO,Transient,1-3 months,Refundable,2,2,0.0,1964.97,0,169.16500000000002,54.0,0.0,1.0,1.0,0.0,61.97
City Hotel,Corporate,Corporate,Transient,1-3 months,Non Refund,141,141,0.0,17255.0,0,78.65248226950355,47.43262411347518,0.0,0.0425531914893617,1.0,0.0,61.9
Resort Hotel,Groups,Corporate,Transient,1-3 months,Non Refund,28,28,0.0,12760.0,0,70.71428571428571,47.142857142857146,0.0,0.0,1.0,0.0,61.84
City Hotel,Groups,Direct,Transient,1-3 months,Non Refund,20,20,0.0,3000.0,0,75.0,50.0,0.0,0.0,1.0,0.0,61.84
City Hotel,Online TA,TA/TO,Transient,1-3 months,Refundable,1,1,0.0,861.3,0,172.26,47.0,0.0,3.0,1.0,0.0,61.7
City Hotel,Groups,TA/TO,Transient,1-4 weeks,Non Refund,180,180,0.0,53221.38,0,96.34294444444444,22.81111111111111,0.0,0.0,1.0,0.0,61.4
City Hotel,Offline TA/TO,TA/TO,Transient,1-4 weeks,Non Refund,207,207,0.0,48046.05,0,111.10893719806764,22.903381642512077,0.18357487922705315,0.028985507246376812,1.0,0.0,61.34
Resort Hotel,Offline TA/TO,TA/TO,Transient-Party,1-3 months,Non Refund,3,3,0.0,150.0,0,25.0,31.0,0.0,0.0,1.0,0.0,61.12
City Hotel,Offline TA/TO,Corporate,Transient-Party,1-4 weeks,No Deposit,37,37,0.0,4680.0,0,120.0,26.513513513513512,0.0,0.0,1.0,0.0,61.01
City Hotel,Groups,TA/TO,Transient-Party,1-4 weeks,Non Refund,31,31,0.0,3844.0,0,62.0,24.903225806451612,0.0,0.0,1.0,0.0,60.94
Resort Hotel,Direct,Direct,Transient,1-4 weeks,Refundable,1,1,0.0,1039.5,0,115.5,25.0,0.0,1.0,1.0,0.0,60.91
City Hotel,Aviation,Corporate,Transient-Party,1-4 weeks,No Deposit,4,4,0.0,440.0,0,110.0,20.0,0.25,0.0,1.0,0.0,60.73
City Hotel,Online TA,TA/TO,Transient,1-4 weeks,Non Refund,1,1,0.0,97.58,0,97.58,18.0,0.0,0.0,1.0,0.0,60.65
City Hotel,Direct,Direct,Transient,1-4 weeks,Non Refund,6,6,0.0,615.5999999999999,0,102.59999999999998,16.833333333333332,0.0,0.0,1.0,0.0,60.61
City Hotel,Corporate,Corporate,Transient,1-4 weeks,Non Refund,33,33,0.0,6854.0,0,90.21212121212122,13.727272727272727,0.0,0.0,1.0,0.0,60.57
Resort Hotel,Online TA,TA/TO,Transient,1-4 weeks,Refundable,1,1,0.0,458.0,0,229.0,15.0,0.0,1.0,1.0,0.0,60.55
City Hotel,Online TA,TA/TO,Transient,1-4 weeks,Refundable,2,2,0.0,853.02,0,142.17,13.5,0.0,2.0,1.0,0.0,60.5
City Hotel,Online TA,Corporate,Transient,1-4 weeks,No Deposit,1,1,0.0,95.0,0,95.0,11.0,0.0,0.0,1.0,0.0,60.4
Resort Hotel,Corporate,Corporate,Transient,1-4 weeks,Non Refund,13,13,0.0,1170.0,0,45.0,10.0,0.0,0.0,1.0,0.0,60.37
City Hotel,Online TA,Undefined,Transient-Party,1-4 weeks,No Deposit,1,1,0.0,535.5,0,76.5,8.0,0.0,1.0,1.0,0.0,60.29
Resort Hotel,Online TA,TA/TO,Transient,1-4 weeks,Non Refund,1,1,0.0,275.0,0,275.0,8.0,0.0,0.0,1.0,0.0,60.29
City Hotel,Corporate,Corporate,Transient,Same week,Non Refund,28,28,0.0,5500.0,0,98.21428571428571,5.535714285714286,0.4642857142857143,0.0,1.0,0.0,60.26
Resort Hotel,Groups,Corporate,Transient,Same week,Non Refund,8,8,0.0,464.0,0,58.0,7.0,0.0,0.0,1.0,0.0,60.26
City Hotel,Groups,Corporate,Transient,Same week,Non Refund,24,24,0.0,2160.0,0,90.0,5.416666666666667,0.0,0.0,1.0,0.0,60.22
City Hotel,Online TA,TA/TO,Transient,Same week,Non Refund,1,1,0.0,135.0,0,135.0,6.0,0.0,1.0,1.0,0.0,60.22
City Hotel,Online TA,Corporate,Transient,Same week,Non Refund,9,9,0.0,1321.4,0,146.82222222222222,4.555555555555555,0.0,0.0,1.0,0.0,60.18
City Hotel,Groups,TA/TO,Transient,Same week,Non Refund,2,2,0.0,360.0,0,90.0,5.0,0.0,0.0,1.0,0.0,60.18
City Hotel,Direct,Direct,Contract,Same week,No Deposit,1,1,0.0,150.0,0,75.0,5.0,0.0,0.0,1.0,0.0,60.18
Resort Hotel,Corporate,Direct,Transient,Same week,Non Refund,5,5,0.0,900.0,0,100.0,3.4,0.0,0.0,1.0,0.0,60.13
City Hotel,Offline TA/TO,TA/TO,Transient,Same week,Non Refund,9,9,0.0,2010.6,0,100.69999999999999,0.8888888888888888,0.8888888888888888,0.0,1.0,0.0,60.05
City Hotel,Undefined,Undefined,Transient-Party,Same week,No Deposit,2,2,0.0,48.0,0,15.0,1.5,0.0,1.5,1.0,0.0,60.05
City Hotel,Direct,Undefined,Transient-Party,Same week,No Deposit,1,1,0.0,24.0,0,12.0,1.0,0.0,1.0,1.0,0.0,60.04
City Hotel,Online TA,TA/TO,Transient,Same week,Refundable,1,1,0.0,260.0,0,130.0,1.0,0.0,1.0,1.0,0.0,60.04
Resort Hotel,Online TA,TA/TO,Transient,Same week,Non Refund,17,17,0.0,1075.0,0,63.23529411764706,0.0,0.0,0.0,1.0,0.0,60.01
City Hotel,Corporate,Direct,Group,Same week,No Deposit,1,1,0.0,152.0,0,152.0,0.0,1.0,0.0,1.0,0.0,60.0
City Hotel,Groups,TA/TO,Transient,3-6 months,No Deposit,70,62,1196.8,9212.3,17,64.75285714285714,141.3,0.0,0.05714285714285714,0.8857142857142857,17.097142857142856,58.34
Resort Hotel,Online TA,TA/TO,Transient,6-12 months,No Deposit,2344,1392,697643.03,1142549.5,6031,119.36553754266212,244.81868600682594,0.007252559726962458,1.0755119453924915,0.5938566552901023,297.6292790102389,56.75
City Hotel,Corporate,Corporate,Transient-Party,3-6 months,No Deposit,80,70,1315.0,5994.0,10,86.425,104.125,0.0125,0.05,0.875,16.4375,56.32
City Hotel,Online TA,TA/TO,Transient,6-12 months,No Deposit,4279,2361,803584.92,1065710.72,7287,112.35316896471139,234.2825426501519,0.00046739892498247256,0.9469502220144894,0.5517644309418088,187.79736387006312,53.02
City Hotel,Online TA,TA/TO,Transient,3-6 months,No Deposit,8553,3913,2022466.47,1804295.33,16882,121.89707120308664,131.06418800420906,0.00035075412136092597,0.823336840874547,0.45750029229510114,236.46281655559451,51.58
Resort Hotel,Direct,Direct,Transient,12+ months,No Deposit,4,2,1904.0,403.2,28,42.2,554.5,0.0,1.0,0.5,476.0,50.0
Resort Hotel,Online TA,TA/TO,Transient,3-6 months,No Deposit,3496,1785,1096348.2,1290087.8,9378,124.37842677345537,131.92934782608697,0.004290617848970252,0.9473684210526315,0.51058352402746,313.6007437070938,49.27
City Hotel,Online TA,TA/TO,Transient,1-3 months,No Deposit,10863,4489,2447171.22,1859980.01,21022,119.70376047132467,57.292276535027156,0.0011046672190002762,0.8567614839362975,0.41323759550768663,225.2758188345761,46.86
City Hotel,Online TA,TA/TO,Group,6-12 months,No Deposit,9,5,684.78,455.0,9,87.73666666666666,309.6666666666667,0.5555555555555556,0.6666666666666666,0.5555555555555556,76.08666666666666,44.51
City Hotel,Offline TA/TO,TA/TO,Transient,12+ months,No Deposit,2,1,321.0,240.29999999999998,3,93.55,393.0,0.0,0.0,0.5,160.5,44.18
City Hotel,Groups,TA/TO,Transient,6-12 months,No Deposit,9,5,773.5,240.0,10,50.166666666666664,236.22222222222223,0.0,0.2222222222222222,0.5555555555555556,85.94444444444444,41.86
City Hotel,Groups,TA/TO,Transient-Party,6-12 months,No Deposit,1526,769,181053.47,155729.37,2004,78.1411861074705,266.6979030144168,0.12254259501965924,0.16972477064220184,0.5039318479685452,118.64578636959371,41.53
Resort Hotel,Groups,Direct,Transient-Party,1-4 weeks,Non Refund,3,2,630.4499999999999,16.0,9,28.683333333333334,16.0,0.0,0.0,0.6666666666666666,210.14999999999998,40.58
City Hotel,Direct,Corporate,Transient,1-4 weeks,No Deposit,3,2,230.0,833.0,2,117.66666666666667,12.0,0.3333333333333333,0.0,0.6666666666666666,76.66666666666667,40.44
Resort Hotel,Groups,Corporate,Transient-Party,3-6 months,No Deposit,81,46,8820.0,13446.0,132,69.0,127.8641975308642,0.012345679012345678,0.037037037037037035,0.5679012345679012,108.88888888888889,38.83
Resort Hotel,Online TA,TA/TO,Transient,1-3 months,No Deposit,4339,1831,1279856.02,1027499.18,11100,117.9184351233003,57.09333947914266,0.0018437427978796957,0.9168011062456787,0.4219866328647154,294.9656648997465,38.43
Resort Hotel,Groups,Direct,Transient-Party,6-12 months,Non Refund,4,2,150.0,482.09999999999997,7,46.575,221.5,0.0,0.0,0.5,37.5,37.99
City Hotel,Online TA,TA/TO,Contract,3-6 months,No Deposit,101,56,13129.03,16548.74,154,87.82683168316832,121.92079207920793,0.0,1.386138613861386,0.5544554455445545,129.99039603960398,37.84
City Hotel,Groups,Corporate,Transient-Party,6-12 months,Non Refund,2,1,150.0,294.0,2,111.0,215.0,0.0,0.0,0.5,75.0,37.76
City Hotel,Online TA,TA/TO,Contract,6-12 months,No Deposit,91,43,18529.58,19806.88,167,112.00252747252746,249.24175824175825,0.0,1.120879120879121,0.4725274725274725,203.62175824175827,37.55
Resort Hotel,Groups,TA/TO,Transient-Party,12+ months,No Deposit,164,55,25362.42,8470.0,415,58.02121951219512,430.9024390243902,0.0,0.20121951219512196,0.3353658536585366,154.64890243902437,35.76
Resort Hotel,Offline TA/TO,TA/TO,Group,6-12 months,No Deposit,13,5,7407.76,0.0,75,61.37538461538462,309.46153846153845,0.15384615384615385,0.6923076923076923,0.38461538461538464,569.8276923076924,34.24
Resort Hotel,Corporate,Corporate,Transient,1-3 months,No Deposit,103,55,7065.0,30775.8,101,79.47864077669904,48.37864077669903,0.14563106796116504,0.13592233009708737,0.5339805825242718,68.59223300970874,34.11
City Hotel,Offline TA/TO,TA/TO,Contract,6-12 months,No Deposit,7,3,1191.36,1010.99,15,79.68142857142857,227.57142857142858,0.0,1.1428571428571428,0.42857142857142855,170.1942857142857,33.93
City Hotel,Offline TA/TO,GDS,Transient,3-6 months,No Deposit,2,1,615.6,864.0,4,184.95,108.5,0.0,0.5,0.5,307.8,33.92
Resort Hotel,Groups,TA/TO,Transient-Party,12+ months,Refundable,3,1,192.0,48.0,4,48.0,384.3333333333333,0.0,0.0,0.3333333333333333,64.0,33.86
City Hotel,Online TA,TA/TO,Transient,1-4 weeks,No Deposit,6866,2460,1492602.37,1041163.57,12432,123.80332071074861,18.104864549956307,0.004515001456452083,0.8786775415088843,0.35828721235071365,217.39038304689777,33.35
City Hotel,Groups,Direct,Transient-Party,1-3 months,No Deposit,12,6,1490.0,822.0,19,97.375,50.333333333333336,0.0,0.25,0.5,124.16666666666667,31.82
City Hotel,Offline TA/TO,GDS,Transient,1-3 months,No Deposit,2,1,408.0,111.6,3,123.8,49.5,0.0,0.0,0.5,204.0,31.79
Resort Hotel,Offline TA/TO,Direct,Transient,1-4 weeks,No Deposit,2,1,40.0,745.0,1,94.5,18.5,0.0,0.0,0.5,20.0,30.68
Resort Hotel,Complementary,TA/TO,Transient-Party,1-4 weeks,No Deposit,2,1,0.0,0.0,3,0.0,14.0,0.0,0.0,0.5,0.0,30.5
City Hotel,Complementary,Direct,Transient-Party,1-4 weeks,No Deposit,2,1,0.0,0.0,1,0.0,9.0,0.5,1.0,0.5,0.0,30.32
City Hotel,Direct,Direct,Group,6-12 months,No Deposit,3,1,374.0,381.6,4,94.13333333333333,284.0,0.0,0.3333333333333333,0.3333333333333333,124.66666666666667,30.25
City Hotel,Direct,Corporate,Transient,Same week,No Deposit,2,1,106.0,95.0,1,100.5,2.5,1.0,0.5,0.5,53.0,30.09
Resort Hotel,Direct,TA/TO,Transient,6-12 months,No Deposit,19,6,8403.36,2503.21,74,108.8721052631579,294.7894736842105,0.15789473684210525,0.8947368421052632,0.3157894736842105,442.2821052631579,29.61
City Hotel,Groups,TA/TO,Transient,1-4 weeks,No Deposit,13,6,2338.0,2511.5,25,100.64615384615385,20.076923076923077,0.0,0.23076923076923078,0.46153846153846156,179.84615384615384,28.44
Resort Hotel,Groups,TA/TO,Transient-Party,6-12 months,No Deposit,1027,323,197577.0,95557.51,2919,65.60650438169426,235.55988315481986,0.0009737098344693282,0.09055501460564752,0.314508276533593,192.38266796494645,28.39
Resort Hotel,Corporate,Direct,Transient-Party,1-4 weeks,No Deposit,13,6,936.0,648.0,14,62.76923076923077,17.23076923076923,0.0,0.07692307692307693,0.46153846153846156,72.0,28.32
Resort Hotel,Offline TA/TO,TA/TO,Contract,12+ months,No Deposit,46,10,28697.61,9482.25,391,80.09260869565217,398.45652173913044,0.0,0.5,0.21739130434782608,623.8610869565217,27.52
City Hotel,Offline TA/TO,TA/TO,Transient-Party,12+ months,No Deposit,663,128,136218.76,29518.86,1240,106.32224736048265,422.7797888386124,0.0,0.5987933634992458,0.19306184012066366,205.45815987933636,27.15
Resort Hotel,Online TA,TA/TO,Transient-Party,6-12 months,No Deposit,236,71,97486.72,39284.78,922,99.59661016949153,238.53813559322035,0.0,1.194915254237288,0.3008474576271186,413.07932203389834,27.08
Resort Hotel,Direct,Direct,Transient,6-12 months,No Deposit,389,113,267119.11,98614.6,1904,137.91979434447302,232.95115681233932,0.02570694087403599,0.7609254498714653,0.29048843187660667,686.6815167095116,26.89
City Hotel,Corporate,TA/TO,Transient-Party,6-12 months,No Deposit,9,3,4440.0,2160.0,48,91.66666666666667,182.11111111111111,0.0,0.4444444444444444,0.3333333333333333,493.3333333333333,26.59
City Hotel,Offline TA/TO,TA/TO,Transient,6-12 months,No Deposit,466,137,111251.70999999999,26294.75,1231,84.21540772532188,222.1587982832618,0.002145922746781116,0.26824034334763946,0.2939914163090129,238.73757510729612,25.94
Resort Hotel,Offline TA/TO,TA/TO,Transient,12+ months,No Deposit,5,1,3962.06,28.0,48,69.838,386.2,0.0,0.4,0.2,792.412,25.93
Resort Hotel,Groups,TA/TO,Transient-Party,1-3 months,No Deposit,382,147,56203.71,31682.0,1002,61.8046335078534,62.6413612565445,0.1099476439790576,0.060209424083769635,0.38481675392670156,147.13013089005236,25.69
Resort Hotel,Offline TA/TO,TA/TO,Transient,6-12 months,No Deposit,937,239,494259.71,118631.76,5514,85.62785485592316,234.23906083244398,0.01814300960512273,0.512273212379936,0.2550693703308431,527.4916862326575,25.03
City Hotel,Direct,Direct,Transient,6-12 months,No Deposit,295,79,93991.0,30279.7,810,115.58420338983049,230.69152542372882,0.003389830508474576,0.6610169491525424,0.2677966101694915,318.6135593220339,24.71
City Hotel,Corporate,Corporate,Group,1-4 weeks,No Deposit,5,2,265.0,825.0,3,163.0,16.0,0.2,0.8,0.4,53.0,24.59
Resort Hotel,Groups,Corporate,Transient,3-6 months,No Deposit,3,1,812.0,1112.0,8,105.0,119.66666666666667,0.0,0.0,0.3333333333333333,270.6666666666667,24.33
Resort Hotel,Complementary,Direct,Transient,3-6 months,No Deposit,6,2,26.0,0.0,13,0.8666666666666667,119.5,0.0,0.16666666666666666,0.3333333333333333,4.333333333333333,24.31
City Hotel,Groups,TA/TO,Transient-Party,12+ months,No Deposit,279,38,69992.73,8966.02,651,104.28620071684588,435.1362007168459,0.0,0.8673835125448028,0.13620071684587814,250.86999999999998,23.96
Resort Hotel,Groups,Corporate,Transient-Party,12+ months,No Deposit,76,12,13785.99,2303.0,255,50.87407894736842,385.9868421052632,0.0,0.11842105263157894,0.15789473684210525,181.3946052631579,23.42
Resort Hotel,Online TA,TA/TO,Group,6-12 months,No Deposit,4,1,860.48,665.0,13,89.785,228.0,0.0,1.0,0.25,215.12,23.23
Resort Hotel,Groups,Corporate,Transient-Party,1-4 weeks,Non Refund,8,3,195.0,162.5,5,44.6875,15.875,0.125,0.0,0.375,24.375,23.07
Resort Hotel,Corporate,Corporate,Transient-Party,1-3 months,No Deposit,259,89,35822.18,17111.4,794,43.86687258687259,51.12355212355212,0.011583011583011582,0.03474903474903475,0.3436293436293436,138.3095752895753,22.65
City Hotel,Offline TA/TO,TA/TO,Transient-Party,3-6 months,No Deposit,1549,423,322997.63,116131.84,3425,93.82015493867011,132.64493221433182,0.0,0.22595222724338282,0.27307940606843123,208.5200968366688,22.42
Resort Hotel,Complementary,TA/TO,Transient,1-3 months,No Deposit,6,2,861.5300000000001,0.0,22,20.798333333333336,63.333333333333336,0.0,1.1666666666666667,0.3333333333333333,143.58833333333334,22.28
City Hotel,Online TA,TA/TO,Transient-Party,6-12 months,No Deposit,486,109,142383.91,32512.99,1433,102.05991769547326,234.08024691358025,0.0,1.0720164609053497,0.2242798353909465,292.9710082304527,22.25
Resort Hotel,Online TA,TA/TO,Transient,1-4 weeks,No Deposit,2943,846,794679.58,382059.49,6939,115.34558613659532,18.341148487937478,0.011213047910295617,0.9469928644240571,0.2874617737003058,270.02364254162416,22.02
Resort Hotel,Corporate,Corporate,Contract,1-3 months,No Deposit,12,4,1367.0,703.0,26,52.25,51.666666666666664,0.0,0.4166666666666667,0.3333333333333333,113.91666666666667,21.87
City Hotel,Complementary,TA/TO,Transient,1-3 months,No Deposit,3,1,0.0,111.99,3,12.443333333333333,49.666666666666664,0.0,0.6666666666666666,0.3333333333333333,0.0,21.79
Resort Hotel,Offline TA/TO,Direct,Transient,1-3 months,No Deposit,3,1,312.4,149.0,5,108.7,44.333333333333336,0.0,0.0,0.3333333333333333,104.13333333333333,21.6
City Hotel,Online TA,TA/TO,Contract,1-3 months,No Deposit,378,121,79481.98,45233.63,804,98.66957671957671,51.25925925925926,0.0026455026455026454,1.5,0.3201058201058201,210.26978835978835,21.54
Resort Hotel,Groups,Direct,Transient-Party,Same week,No Deposit,28,10,2167.0,1403.0,46,38.371428571428574,2.5357142857142856,0.0,0.0,0.35714285714285715,77.39285714285714,21.54
City Hotel,Offline TA/TO,TA/TO,Transient-Party,6-12 months,No Deposit,1756,309,373994.04,86580.56999999999,3989,94.48604214123006,264.3359908883827,0.002277904328018223,0.3234624145785877,0.17596810933940774,212.9806605922551,21.02
Resort Hotel,Complementary,Direct,Transient,1-3 months,No Deposit,19,6,161.0,75.0,23,7.684210526315789,50.26315789473684,0.05263157894736842,0.5263157894736842,0.3157894736842105,8.473684210526315,20.76
Resort Hotel,Corporate,Corporate,Transient-Party,3-6 months,No Deposit,18,5,1575.0,600.0,39,40.27777777777778,113.16666666666667,0.0,0.0,0.2777777777777778,87.5,20.75
Resort Hotel,Groups,TA/TO,Transient-Party,1-4 weeks,No Deposit,262,85,44501.46,15211.15,634,67.17091603053434,17.31297709923664,0.0,0.08015267175572519,0.3244274809160305,169.85290076335878,20.25
City Hotel,Offline TA/TO,Direct,Transient-Party,Same week,No Deposit,3,1,232.0,190.0,3,72.33333333333333,2.6666666666666665,0.3333333333333333,0.3333333333333333,0.3333333333333333,77.33333333333333,20.1
Resort Hotel,Groups,TA/TO,Transient-Party,6-12 months,Refundable,6,1,2387.0,180.0,35,66.83333333333333,273.0,0.0,0.0,0.16666666666666666,397.8333333333333,19.85
City Hotel,Groups,Corporate,Transient-Party,1-3 months,No Deposit,58,17,16065.0,4000.0,137,112.91379310344827,59.672413793103445,0.0,0.034482758620689655,0.29310344827586204,276.98275862068965,19.78
City Hotel,Direct,Direct,Transient-Party,1-3 months,No Deposit,147,42,38591.68,11861.19,331,111.38517006802721,60.0,0.0,0.7006802721088435,0.2857142857142857,262.52843537414964,19.43
Resort Hotel,Online TA,TA/TO,Group,3-6 months,No Deposit,4,1,1174.92,164.0,13,93.81,117.0,0.25,1.5,0.25,293.73,19.22
Resort Hotel,Groups,TA/TO,Transient-Party,3-6 months,No Deposit,486,114,118837.87,37252.0,1783,66.27376543209877,129.179012345679,0.0,0.09670781893004116,0.2345679012345679,244.52236625514402,19.13
Resort Hotel,Direct,Direct,Transient,3-6 months,No Deposit,714,151,540575.53,140716.48,3677,148.2928711484594,134.3795518207283,0.04201680672268908,0.9173669467787114,0.211484593837535,757.1085854341737,19.05
City Hotel,Groups,TA/TO,Transient-Party,3-6 months,No Deposit,1232,287,177745.78,44321.51,2267,78.51197240259741,124.55600649350649,0.0,0.24269480519480519,0.23295454545454544,144.2741720779221,18.95
Resort Hotel,Offline TA/TO,TA/TO,Transient-Party,6-12 months,No Deposit,256,43,62083.28,18482.63,732,79.5526171875,235.734375,0.0,0.41796875,0.16796875,242.5128125,18.78
Resort Hotel,Online TA,Direct,Transient,6-12 months,No Deposit,7,1,3439.02,152.0,26,109.98857142857143,281.7142857142857,0.7142857142857143,3.2857142857142856,0.14285714285714285,491.2885714285714,18.73
City Hotel,Offline TA/TO,TA/TO,Transient-Party,1-3 months,No Deposit,1638,405,288713.27,98842.08,3028,95.0004822954823,56.136752136752136,0.001221001221001221,0.17032967032967034,0.24725274725274726,176.2596275946276,17.92
Resort Hotel,Offline TA/TO,TA/TO,Transient-Party,12+ months,No Deposit,17,1,4367.0,256.0,64,67.98529411764706,397.0,0.0,0.7058823529411765,0.058823529411764705,256.88235294117646,17.85
Resort Hotel,Offline TA/TO,TA/TO,Transient-Party,3-6 months,No Deposit,275,57,99330.55,35923.88,1134,89.09454545454545,138.4909090909091,0.0,0.6472727272727272,0.20727272727272728,361.202,17.82
Resort Hotel,Offline TA/TO,TA/TO,Transient-Party,1-4 weeks,No Deposit,98,27,13823.02,4390.3,238,52.50367346938775,19.346938775510203,0.01020408163265306,0.4489795918367347,0.2755102040816326,141.0512244897959,17.28
Resort Hotel,Online TA,Direct,Transient,1-3 months,No Deposit,4,1,1880.42,972.0,10,167.6175,61.25,0.25,2.0,0.25,470.105,17.22
City Hotel,Direct,Direct,Transient-Party,6-12 months,No Deposit,65,9,20023.77,1961.8,205,91.92999999999999,238.6,0.0,0.4307692307692308,0.13846153846153847,308.058,16.93
City Hotel,Offline TA/TO,TA/TO,Group,12+ months,No Deposit,1,0,0.0,0.0,3,0.0,468.0,0.0,0.0,0.0,0.0,16.88
Resort Hotel,Groups,TA/TO,Transient,12+ months,No Deposit,1,0,138.0,0.0,2,69.0,468.0,0.0,0.0,0.0,138.0,16.88
City Hotel,Online TA,TA/TO,Contract,1-4 weeks,No Deposit,504,132,139542.78,46615.02,1201,116.04464285714286,17.25,0.007936507936507936,1.382936507936508,0.2619047619047619,276.87059523809523,16.84
City Hotel,Direct,Direct,Transient,3-6 months,No Deposit,840,157,334440.86,82895.85,2619,127.39640476190476,130.39523809523808,0.0,0.7333333333333333,0.1869047619047619,398.1438809523809,16.81
Resort Hotel,Offline TA/TO,TA/TO,Contract,6-12 months,No Deposit,653,76,428495.95,63815.66,5411,79.46549770290964,251.77947932618682,0.013782542113323124,0.5635528330781011,0.11638591117917305,656.1959418070444,16.75
Resort Hotel,Offline TA/TO,TA/TO,Group,1-3 months,No Deposit,8,2,3526.0,846.0,31,105.0,47.75,0.25,0.25,0.25,440.75,16.73
City Hotel,Online TA,GDS,Transient,1-4 weeks,No Deposit,49,13,8771.99,6298.86,75,114.46918367346939,17.551020408163264,0.02040816326530612,0.12244897959183673,0.2653061224489796,179.02020408163264,16.62
Resort Hotel,Groups,Direct,Transient-Party,6-12 months,No Deposit,349,36,104723.93,14282.91,1590,68.73286532951289,284.0630372492837,0.0057306590257879654,0.034383954154727794,0.10315186246418338,300.06856733524353,16.59
City Hotel,Groups,TA/TO,Transient-Party,1-3 months,No Deposit,1646,373,249963.46,78609.52,3408,74.81632442284325,56.39489671931956,0.0,0.18894289185905225,0.22660996354799515,151.86115431348725,16.48
Resort Hotel,Groups,Direct,Transient-Party,1-3 months,No Deposit,289,69,60402.77,21197.17,782,82.16470588235293,46.88235294117647,0.01730103806228374,0.11764705882352941,0.23875432525951557,209.00612456747405,16.24
City Hotel,Direct,Direct,Transient,1-3 months,No Deposit,1071,230,341684.56,109330.67,2775,123.12925303454715,57.16433239962652,0.003734827264239029,0.646125116713352,0.21475256769374415,319.0332026143791,16.12
City Hotel,Direct,Direct,Transient-Party,3-6 months,No Deposit,149,27,51763.49,12766.89,450,114.28395973154363,138.56375838926175,0.0,0.7046979865771812,0.18120805369127516,347.4059731543624,16.01
City Hotel,Offline TA/TO,TA/TO,Transient-Party,Same week,No Deposit,452,118,63743.84,21730.3,771,78.25840707964602,2.7876106194690267,0.017699115044247787,0.17699115044247787,0.2610619469026549,141.02619469026547,16.0
City Hotel,Offline TA/TO,TA/TO,Transient,3-6 months,No Deposit,1215,213,342109.82,72772.0,3996,85.64322633744857,129.06913580246913,0.0,0.388477366255144,0.17530864197530865,281.5718683127572,15.96
Resort Hotel,Offline TA/TO,TA/TO,Transient,3-6 months,No Deposit,1162,187,582111.11,124631.04,6825,87.50407917383822,137.3734939759036,0.0017211703958691911,0.41222030981067126,0.16092943201376936,500.9562048192771,15.95
Resort Hotel,Direct,Direct,Transient,1-3 months,No Deposit,1016,206,579145.16,140004.19,4112,137.81358267716536,56.392716535433074,0.0265748031496063,0.7165354330708661,0.20275590551181102,570.0247637795276,15.7
City Hotel,Offline TA/TO,TA/TO,Contract,1-3 months,No Deposit,35,8,8011.69,2479.3,96,83.29685714285714,50.42857142857143,0.0,0.6285714285714286,0.22857142857142856,228.90542857142856,15.56
City Hotel,Groups,TA/TO,Transient-Party,1-4 weeks,No Deposit,769,185,176989.47,39335.67,1756,95.4803511053316,18.875162548764628,0.002600780234070221,0.11703511053315994,0.24057217165149544,230.15535760728218,15.54
City Hotel,Groups,TA/TO,Transient,12+ months,No Deposit,1,0,130.0,0.0,2,65.0,429.0,0.0,0.0,0.0,130.0,15.47
City Hotel,Corporate,Corporate,Transient-Party,3-6 months,Non Refund,6,1,2014.0,318.0,19,106.0,149.0,0.0,0.0,0.16666666666666666,335.6666666666667,15.38
City Hotel,Online TA,GDS,Transient,1-3 months,No Deposit,40,9,7464.389999999999,3203.0,57,124.92075,46.075,0.0,0.35,0.225,186.60975,15.2
City Hotel,Corporate,Direct,Transient-Party,Same week,No Deposit,4,1,398.0,163.18,3,140.29500000000002,3.0,0.0,0.0,0.25,99.5,15.11
City Hotel,Groups,Direct,Transient,Same week,No Deposit,4,1,281.0,92.65,3,70.9125,2.0,0.25,0.0,0.25,70.25,15.07
Resort Hotel,Groups,Corporate,Transient-Party,6-12 months,No Deposit,223,13,58063.88,8868.0,951,61.24381165919283,312.8968609865471,0.0,0.053811659192825115,0.05829596412556054,260.3761434977578,14.88
Resort Hotel,Online TA,TA/TO,Transient-Party,3-6 months,No Deposit,301,49,149412.62,29067.95,1251,115.00285714285714,132.17275747508305,0.0,1.1827242524916943,0.16279069767441862,496.3874418604651,14.85
City Hotel,Direct,Direct,Transient,1-4 weeks,No Deposit,1078,226,297310.37,144455.98,2313,129.17976808905382,17.025974025974026,0.030612244897959183,0.6261595547309833,0.20964749536178107,275.7981168831169,14.75
Resort Hotel,Direct,TA/TO,Transient,3-6 months,No Deposit,12,2,10626.82,1606.29,55,144.86416666666665,117.91666666666667,0.8333333333333334,2.0,0.16666666666666666,885.5683333333333,14.27
City Hotel,Aviation,Corporate,Transient,1-4 weeks,No Deposit,40,9,22110.0,5541.0,221,100.65,11.525,0.2,0.075,0.225,552.75,13.98
City Hotel,Complementary,TA/TO,Transient-Party,12+ months,No Deposit,1,0,6.0,0.0,2,3.0,386.0,0.0,0.0,0.0,6.0,13.92
Resort Hotel,Groups,Corporate,Transient,12+ months,No Deposit,1,0,679.0,0.0,7,97.0,386.0,0.0,0.0,0.0,679.0,13.92
Resort Hotel,Groups,Direct,Transient-Party,12+ months,No Deposit,1,0,144.0,0.0,3,48.0,383.0,0.0,0.0,0.0,144.0,13.81
Resort Hotel,Groups,Direct,Transient-Party,3-6 months,No Deposit,123,18,32102.58,1537.85,307,98.80455284552845,128.21951219512195,0.008130081300813009,0.23577235772357724,0.14634146341463414,260.99658536585366,13.42
Resort Hotel,Groups,Direct,Transient,3-6 months,No Deposit,38,5,3518.0,236.0,71,46.28947368421053,153.07894736842104,0.0,0.18421052631578946,0.13157894736842105,92.57894736842105,13.42
City Hotel,Corporate,Corporate,Group,Same week,No Deposit,9,2,864.0,210.0,13,68.77777777777777,1.0,0.1111111111111111,0.0,0.2222222222222222,96.0,13.37
City Hotel,Aviation,Corporate,Transient,Same week,No Deposit,166,36,43421.36,10027.0,416,101.55228915662651,2.5843373493975905,0.2891566265060241,0.14457831325301204,0.21686746987951808,261.57445783132533,13.21
City Hotel,Groups,TA/TO,Transient,1-3 months,No Deposit,11,2,1864.0,358.95,24,87.48636363636363,57.45454545454545,0.0,0.18181818181818182,0.18181818181818182,169.45454545454547,12.99
Resort Hotel,Groups,Direct,Transient-Party,1-4 weeks,No Deposit,63,13,10194.8,2335.98,128,71.68666666666667,14.857142857142858,0.015873015873015872,0.0,0.20634920634920634,161.82222222222222,12.94
Resort Hotel,Direct,Direct,Transient,1-4 weeks,No Deposit,912,173,341316.27,85073.03,2542,123.21972587719299,17.49890350877193,0.03618421052631579,0.7105263157894737,0.18969298245614036,374.2502960526316,12.93
Resort Hotel,Online TA,Direct,Transient,3-6 months,No Deposit,15,2,6367.889999999999,369.0,62,94.67399999999999,135.53333333333333,0.5333333333333333,3.1333333333333333,0.13333333333333333,424.52599999999995,12.89
Resort Hotel,Corporate,Corporate,Transient,1-4 weeks,No Deposit,302,61,22590.37,14659.66,456,57.6155298013245,15.14569536423841,0.3211920529801324,0.17880794701986755,0.20198675496688742,74.80254966887416,12.82
City Hotel,Corporate,TA/TO,Transient-Party,1-3 months,No Deposit,56,10,12247.09,2890.0,111,118.28625,57.55357142857143,0.0,0.08928571428571429,0.17857142857142858,218.6980357142857,12.82
City Hotel,Corporate,TA/TO,Transient-Party,Same week,No Deposit,19,4,2435.0,390.0,27,83.15789473684211,2.4210526315789473,0.0,0.05263157894736842,0.21052631578947367,128.1578947368421,12.72
City Hotel,Direct,Direct,Group,1-3 months,No Deposit,6,1,1403.0900000000001,415.0,13,114.15500000000002,67.16666666666667,0.0,0.16666666666666666,0.16666666666666666,233.84833333333336,12.43
Resort Hotel,Corporate,Corporate,Transient-Party,6-12 months,No Deposit,15,0,5130.0,0.0,60,85.5,343.0,0.13333333333333333,0.0,0.0,342.0,12.37
Resort Hotel,Corporate,TA/TO,Transient-Party,Same week,No Deposit,5,1,795.0,70.0,7,90.0,5.6,0.0,0.4,0.2,159.0,12.2
City Hotel,Corporate,TA/TO,Transient,Same week,No Deposit,5,1,486.0,300.0,6,79.8,3.4,0.0,0.0,0.2,97.2,12.13
Resort Hotel,Groups,Direct,Transient,Same week,No Deposit,20,4,1397.0,140.0,29,41.87,2.4,0.0,0.15,0.2,69.85,12.09
City Hotel,Offline TA/TO,TA/TO,Contract,1-4 weeks,No Deposit,37,7,8107.07,1274.1999999999998,96,82.1391891891892,19.135135135135137,0.0,0.4594594594594595,0.1891891891891892,219.10999999999999,12.06
Resort Hotel,Groups,Direct,Transient-Party,3-6 months,Refundable,81,8,17464.5,1552.0,261,65.0679012345679,169.0,0.012345679012345678,0.0,0.09876543209876543,215.61111111111111,12.04
Resort Hotel,Offline TA/TO,TA/TO,Group,1-4 weeks,No Deposit,27,5,13012.03,3713.0,117,96.70851851851852,21.925925925925927,0.2222222222222222,0.7037037037037037,0.18518518518518517,481.92703703703705,11.94
City Hotel,Corporate,Corporate,Transient-Party,1-3 months,No Deposit,142,23,19073.13,3223.0,230,82.70922535211267,56.23943661971831,0.1056338028169014,0.07746478873239436,0.1619718309859155,134.31781690140846,11.78
City Hotel,Online TA,TA/TO,Transient-Party,3-6 months,No Deposit,739,80,250856.19,24809.23,2194,112.89194857916102,133.28146143437078,0.0,0.8619756427604871,0.10825439783491204,339.45357239512856,11.57
Resort Hotel,Groups,Corporate,Transient-Party,1-3 months,No Deposit,56,9,17745.0,1887.0,174,103.74285714285715,51.214285714285715,0.03571428571428571,0.08928571428571429,0.16071428571428573,316.875,11.51
Resort Hotel,Direct,Direct,Transient-Party,6-12 months,No Deposit,61,3,48564.97,1076.92,379,112.0995081967213,230.72131147540983,0.03278688524590164,1.2950819672131149,0.04918032786885246,796.1470491803279,11.28
Resort Hotel,Groups,Direct,Transient-Party,6-12 months,Refundable,13,0,5973.96,0.0,89,67.40615384615384,312.38461538461536,0.0,0.0,0.0,459.5353846153846,11.27
City Hotel,Corporate,Corporate,Transient-Party,1-4 weeks,No Deposit,301,53,48615.68,7759.34,565,85.60451827242525,17.08637873754153,0.029900332225913623,0.10963455149501661,0.1760797342192691,161.51388704318936,11.26
City Hotel,Offline TA/TO,GDS,Transient,Same week,No Deposit,27,5,3104.0,1150.0,27,116.51851851851852,3.3703703703703702,0.037037037037037035,0.2222222222222222,0.18518518518518517,114.96296296296296,11.25
City Hotel,Corporate,Corporate,Transient,1-3 months,No Deposit,139,22,18160.55,5361.02,211,81.25827338129496,46.87769784172662,0.2805755395683453,0.39568345323741005,0.15827338129496402,130.65143884892086,11.24
Resort Hotel,Groups,Direct,Group,6-12 months,No Deposit,2,0,0.0,0.0,17,0.0,311.0,0.0,0.0,0.0,0.0,11.22
City Hotel,Complementary,Direct,Transient,6-12 months,No Deposit,1,0,18.0,0.0,2,9.0,311.0,0.0,2.0,0.0,18.0,11.22
Resort Hotel,Direct,Direct,Transient-Party,1-4 weeks,No Deposit,123,21,41378.8,4917.5,354,113.6481300813008,19.21951219512195,0.07317073170731707,0.7804878048780488,0.17073170731707318,336.4130081300813,10.99
Resort Hotel,Complementary,Direct,Transient,1-4 weeks,No Deposit,46,8,190.5,0.0,81,1.7934782608695652,15.521739130434783,0.0,0.8043478260869565,0.17391304347826086,4.141304347826087,10.99
City Hotel,Offline TA/TO,TA/TO,Group,Same week,No Deposit,22,4,3757.81,1050.0,50,92.15772727272727,1.6818181818181819,0.4090909090909091,0.45454545454545453,0.18181818181818182,170.80954545454546,10.98
City Hotel,Complementary,Direct,Transient-Party,Same week,No Deposit,11,2,0.0,0.0,9,0.0,1.6363636363636365,0.45454545454545453,1.0909090909090908,0.18181818181818182,0.0,10.97
City Hotel,Online TA,Corporate,Transient,Same week,No Deposit,22,4,3007.0,404.0,30,104.31818181818181,1.3636363636363635,0.045454545454545456,0.22727272727272727,0.18181818181818182,136.6818181818182,10.96
City Hotel,Complementary,TA/TO,Transient-Party,6-12 months,No Deposit,1,0,100.0,0.0,5,20.0,304.0,0.0,0.0,0.0,100.0,10.96
Resort Hotel,Groups,Corporate,Transient-Party,1-4 weeks,No Deposit,140,24,16672.5,6648.0,282,62.04642857142857,14.378571428571428,0.0,0.1,0.17142857142857143,119.08928571428571,10.88
City Hotel,Offline TA/TO,TA/TO,Transient,1-3 months,No Deposit,1690,227,421784.5,70371.31999999999,5158,82.80134911242604,56.66153846153846,0.0035502958579881655,0.26568047337278106,0.13431952662721894,249.5766272189349,10.86
Resort Hotel,Direct,TA/TO,Transient-Party,6-12 months,No Deposit,3,0,1476.0,0.0,12,123.0,297.0,0.0,2.0,0.0,492.0,10.71
City Hotel,Direct,Direct,Transient-Party,1-4 weeks,No Deposit,91,15,18993.02,6349.54,185,104.35945054945054,19.087912087912088,0.0,0.5054945054945055,0.16483516483516483,208.7145054945055,10.65
City Hotel,Offline TA/TO,TA/TO,Group,6-12 months,No Deposit,11,0,1862.1399999999999,0.0,22,85.44909090909091,295.0,0.0,0.7272727272727273,0.0,169.28545454545454,10.64
Resort Hotel,Complementary,TA/TO,Transient,1-4 weeks,No Deposit,6,1,0.0,0.0,9,0.0,14.166666666666666,0.0,1.0,0.16666666666666666,0.0,10.51
Resort Hotel,Complementary,Corporate,Transient,1-4 weeks,No Deposit,6,1,4.0,0.0,13,0.3333333333333333,13.833333333333334,0.0,0.0,0.16666666666666666,0.6666666666666666,10.5
Resort Hotel,Offline TA/TO,TA/TO,Transient-Party,1-3 months,No Deposit,168,23,47558.45,3668.86,620,68.44642857142857,59.48809523809524,0.0,0.4880952380952381,0.13690476190476192,283.0860119047619,10.4
City Hotel,Groups,Direct,Transient-Party,1-4 weeks,No Deposit,25,4,2987.95,448.65,33,91.744,15.84,0.0,0.08,0.16,119.51799999999999,10.18
Resort Hotel,Groups,Direct,Transient,6-12 months,No Deposit,6,0,2593.2200000000003,0.0,32,85.59333333333332,282.0,0.0,0.0,0.0,432.2033333333334,10.17
Resort Hotel,Offline TA/TO,TA/TO,Transient,1-3 months,No Deposit,1061,130,444372.67,69839.20999999999,5492,78.18038642789821,56.194156456173424,0.002827521206409048,0.3685202639019793,0.12252591894439209,418.82438265786993,10.13
City Hotel,Online TA,TA/TO,Transient-Party,1-4 weeks,No Deposit,217,33,51718.68,9617.77,438,112.92585253456221,17.870967741935484,0.0,0.8433179723502304,0.15207373271889402,238.33493087557605,9.87
Resort Hotel,Groups,Corporate,Transient,6-12 months,No Deposit,6,0,2404.8,0.0,41,58.03333333333333,270.5,0.0,0.16666666666666666,0.0,400.8,9.76
Resort Hotel,Direct,TA/TO,Group,6-12 months,No Deposit,2,0,3137.2799999999997,0.0,23,139.11,269.5,1.0,0.5,0.0,1568.6399999999999,9.72
Resort Hotel,Direct,Direct,Group,1-3 months,No Deposit,8,1,3676.69,3039.96,35,118.30125,51.75,0.25,1.375,0.125,459.58625,9.4
City Hotel,Aviation,Corporate,Transient-Party,Same week,No Deposit,13,2,2755.0,475.0,29,95.0,2.6153846153846154,0.0,0.0,0.15384615384615385,211.92307692307693,9.33
City Hotel,Online TA,TA/TO,Transient,Same week,No Deposit,4219,507,951467.73,186552.76,7917,119.77810144584025,2.7790945721735008,0.026072529035316427,0.7821758710594928,0.12017065655368571,225.51972742356008,9.32
Resort Hotel,Groups,TA/TO,Transient-Party,3-6 months,Non Refund,40,2,5399.0,340.0,76,71.7375,171.0,0.0,0.025,0.05,134.975,9.17
Resort Hotel,Corporate,Direct,Transient,1-4 weeks,No Deposit,14,2,1304.5,544.0,31,56.82142857142857,15.571428571428571,0.21428571428571427,0.07142857142857142,0.14285714285714285,93.17857142857143,9.14
Resort Hotel,Groups,Direct,Transient,1-4 weeks,No Deposit,14,2,1153.99,36.0,26,42.02357142857143,15.214285714285714,0.14285714285714285,0.07142857142857142,0.14285714285714285,82.42785714285715,9.12
Resort Hotel,Complementary,TA/TO,Transient-Party,6-12 months,No Deposit,1,0,0.0,0.0,8,0.0,252.0,1.0,1.0,0.0,0.0,9.09
Resort Hotel,Groups,TA/TO,Transient,1-3 months,No Deposit,9,1,1788.65,0.0,30,53.28333333333333,67.0,0.0,1.0,0.1111111111111111,198.7388888888889,9.08
City Hotel,Groups,Corporate,Transient,6-12 months,No Deposit,92,2,16720.03,431.0,218,77.90586956521739,214.8804347826087,0.0,0.16304347826086957,0.021739130434782608,181.73945652173913,9.06
Resort Hotel,Direct,Corporate,Transient,Same week,No Deposit,40,6,2950.1,358.8,45,57.565,0.95,0.575,0.25,0.15,73.7525,9.04
Resort Hotel,Direct,Direct,Transient-Party,3-6 months,No Deposit,79,5,64400.2,4281.59,443,141.5451898734177,141.74683544303798,0.02531645569620253,0.7721518987341772,0.06329113924050633,815.1924050632911,8.96
City Hotel,Offline TA/TO,TA/TO,Transient-Party,1-4 weeks,No Deposit,498,68,90516.83,11712.5,1041,89.3156626506024,16.218875502008032,0.0823293172690763,0.19477911646586346,0.13654618473895583,181.76070281124498,8.9
City Hotel,Groups,TA/TO,Transient,Same week,No Deposit,55,8,7855.5,2578.8,107,73.79636363636364,2.1636363636363636,0.01818181818181818,0.36363636363636365,0.14545454545454545,142.8272727272727,8.83
City Hotel,Groups,TA/TO,Transient-Party,Same week,No Deposit,265,38,50489.54,8393.4,569,90.60935849056604,3.4113207547169813,0.018867924528301886,0.12075471698113208,0.14339622641509434,190.52656603773585,8.82
City Hotel,Complementary,Corporate,Transient,Same week,No Deposit,48,7,0.0,0.0,62,0.0,1.9583333333333333,0.8125,1.6041666666666667,0.14583333333333334,0.0,8.82
Resort Hotel,Direct,Corporate,Transient,6-12 months,No Deposit,1,0,444.0,0.0,6,74.0,241.0,0.0,0.0,0.0,444.0,8.69
City Hotel,Online TA,TA/TO,Transient-Party,1-3 months,No Deposit,462,48,136604.28,16265.06,1266,106.77218614718615,61.54761904761905,0.0,0.8398268398268398,0.1038961038961039,295.6802597402597,8.63
Resort Hotel,Groups,TA/TO,Transient,6-12 months,No Deposit,29,0,7370.63,0.0,108,67.24793103448276,239.31034482758622,0.0,0.2413793103448276,0.0,254.1596551724138,8.63
Resort Hotel,Direct,Direct,Transient-Party,1-3 months,No Deposit,88,9,47329.07,9845.96,384,128.5575,59.60227272727273,0.022727272727272728,0.8863636363636364,0.10227272727272728,537.8303409090909,8.39
Resort Hotel,Offline TA/TO,TA/TO,Contract,3-6 months,No Deposit,608,31,406021.5,25000.34,5069,80.79620065789473,136.67598684210526,0.008223684210526315,0.5296052631578947,0.05098684210526316,667.7985197368421,8.26
City Hotel,Complementary,Direct,Transient,1-3 months,No Deposit,29,3,323.0,0.0,55,4.568965517241379,54.41379310344828,0.20689655172413793,1.0344827586206897,0.10344827586206896,11.137931034482758,8.17
Resort Hotel,Online TA,TA/TO,Group,1-3 months,No Deposit,10,1,1078.43,754.4,19,77.149,53.6,0.3,0.7,0.1,107.843,7.94
City Hotel,Corporate,Corporate,Transient,6-12 months,No Deposit,2,0,605.0,0.0,9,64.5,219.0,0.5,0.5,0.0,302.5,7.9
City Hotel,Offline TA/TO,TA/TO,Group,1-3 months,No Deposit,48,5,8691.76,1335.0,142,66.02854166666667,45.0,0.0,0.4375,0.10416666666666667,181.07833333333335,7.89
Resort Hotel,Groups,Corporate,Transient,1-3 months,No Deposit,9,1,1369.0,0.0,13,105.77777777777777,33.55555555555556,0.0,0.0,0.1111111111111111,152.11111111111111,7.88
City Hotel,Corporate,Corporate,Transient,1-4 weeks,No Deposit,420,50,56087.74,9938.78,663,82.01907142857144,15.90952380952381,0.4,0.41904761904761906,0.11904761904761904,133.54223809523808,7.82
City Hotel,Complementary,Direct,Transient,1-4 weeks,No Deposit,66,8,88.0,79.0,87,1.8636363636363635,14.969696969696969,0.2878787878787879,1.196969696969697,0.12121212121212122,1.3333333333333333,7.81
City Hotel,Offline TA/TO,TA/TO,Transient,1-4 weeks,No Deposit,848,96,207545.89,25631.24,2485,85.89219339622642,18.846698113207548,0.00589622641509434,0.2983490566037736,0.11320754716981132,244.74751179245285,7.75
City Hotel,Groups,Direct,Transient-Party,6-12 months,No Deposit,3,0,844.39,0.0,7,115.21,214.0,0.0,0.0,0.0,281.4633333333333,7.72
City Hotel,Groups,Direct,Transient,6-12 months,No Deposit,2,0,708.78,0.0,6,118.13,214.0,0.0,0.0,0.0,354.39,7.72
Resort Hotel,Direct,Direct,Contract,1-3 months,No Deposit,12,1,1546.0,100.0,28,54.166666666666664,75.08333333333333,0.0,1.3333333333333333,0.08333333333333333,128.83333333333334,7.71
City Hotel,Aviation,TA/TO,Transient,Same week,No Deposit,8,1,1592.0,95.0,17,91.875,3.125,0.625,0.0,0.125,199.0,7.61
City Hotel,Online TA,Direct,Transient,6-12 months,No Deposit,2,0,702.0,0.0,6,117.0,206.0,0.0,0.0,0.0,351.0,7.43
Resort Hotel,Complementary,Direct,Transient,Same week,No Deposit,66,8,452.5,0.0,91,3.9886363636363638,2.3636363636363638,0.10606060606060606,0.7727272727272727,0.12121212121212122,6.856060606060606,7.36
City Hotel,Direct,Direct,Transient,Same week,No Deposit,2109,232,413227.79,54961.06,3575,114.15191559981034,1.631578947368421,0.0602181128496918,0.4139402560455192,0.11000474158368895,195.93541488857278,7.25
City Hotel,Groups,Corporate,Transient-Party,6-12 months,No Deposit,21,0,9415.02,0.0,73,129.3652380952381,196.9047619047619,0.0,0.09523809523809523,0.0,448.3342857142857,7.1
Resort Hotel,Offline TA/TO,TA/TO,Contract,1-3 months,No Deposit,284,22,141691.21,11277.29,1910,73.9762676056338,63.83802816901409,0.0035211267605633804,0.34507042253521125,0.07746478873239436,498.91271126760563,7.07
Resort Hotel,Offline TA/TO,TA/TO,Transient-Party,6-12 months,Non Refund,1,0,265.2,0.0,4,66.3,195.0,0.0,0.0,0.0,265.2,7.03
Resort Hotel,Offline TA/TO,TA/TO,Transient,1-4 weeks,No Deposit,728,74,169127.88,23990.0,2910,56.62666208791209,18.054945054945055,0.020604395604395604,0.2802197802197802,0.10164835164835165,232.3185164835165,7.01
Resort Hotel,Offline TA/TO,Direct,Transient-Party,6-12 months,No Deposit,1,0,255.99,0.0,3,85.33,191.0,1.0,0.0,0.0,255.99,6.89
Resort Hotel,Online TA,Corporate,Transient,6-12 months,No Deposit,1,0,60.0,0.0,1,60.0,189.0,0.0,2.0,0.0,60.0,6.82
City Hotel,Direct,Direct,Group,Same week,No Deposit,18,2,5186.4,434.0,46,121.67222222222222,2.388888888888889,0.16666666666666666,0.2222222222222222,0.1111111111111111,288.1333333333333,6.76
City Hotel,Online TA,TA/TO,Transient-Party,6-12 months,Non Refund,1,0,335.32,0.0,4,83.83,186.0,0.0,0.0,0.0,335.32,6.71
Resort Hotel,Corporate,Corporate,Transient-Party,1-4 weeks,No Deposit,155,15,37547.89,2380.45,670,54.88709677419355,19.07741935483871,0.012903225806451613,0.08387096774193549,0.0967741935483871,242.24445161290322,6.52
City Hotel,Complementary,Corporate,Transient,1-4 weeks,No Deposit,10,1,0.0,4.0,14,0.2,13.7,0.7,0.7,0.1,0.0,6.49
Resort Hotel,Offline TA/TO,Direct,Transient,3-6 months,No Deposit,1,0,360.0,0.0,5,72.0,180.0,1.0,0.0,0.0,360.0,6.49
City Hotel,Online TA,TA/TO,Transient-Party,Same week,No Deposit,154,16,24978.15,6068.17,258,99.32883116883116,2.7142857142857144,0.01948051948051948,0.5844155844155844,0.1038961038961039,162.19577922077923,6.4
City Hotel,Complementary,Direct,Transient,Same week,No Deposit,308,31,1207.0,0.0,410,1.6772727272727272,1.6363636363636365,0.38961038961038963,0.8831168831168831,0.10064935064935066,3.918831168831169,6.1
City Hotel,Corporate,TA/TO,Transient-Party,3-6 months,No Deposit,49,2,4545.0,170.0,56,81.1734693877551,99.0,0.0,0.0,0.04081632653061224,92.75510204081633,6.02
Resort Hotel,Offline TA/TO,TA/TO,Transient-Party,3-6 months,Non Refund,1,0,403.2,0.0,4,100.8,167.0,0.0,1.0,0.0,403.2,6.02
City Hotel,Offline TA/TO,TA/TO,Group,1-4 weeks,No Deposit,23,2,5453.15,575.0,61,92.57434782608696,18.782608695652176,0.08695652173913043,0.43478260869565216,0.08695652173913043,237.09347826086955,5.9
Resort Hotel,Complementary,TA/TO,Transient,Same week,No Deposit,21,2,0.0,0.0,28,0.0,4.0,0.23809523809523808,1.2857142857142858,0.09523809523809523,0.0,5.86
Resort Hotel,Groups,Corporate,Transient-Party,Same week,No Deposit,147,13,22615.78,2266.0,501,44.16401360544217,6.401360544217687,0.034013605442176874,0.08163265306122448,0.08843537414965986,153.84884353741495,5.56
Resort Hotel,Corporate,Direct,Transient-Party,3-6 months,No Deposit,7,0,1827.6000000000001,0.0,21,87.02857142857144,154.0,0.0,0.0,0.0,261.0857142857143,5.55
Resort Hotel,Online TA,TA/TO,Transient-Party,1-3 months,No Deposit,325,19,119523.49,4737.34,1115,103.24563076923077,54.83076923076923,0.006153846153846154,1.2553846153846153,0.05846153846153846,367.76458461538465,5.54
City Hotel,Direct,Direct,Group,3-6 months,No Deposit,3,0,713.35,0.0,9,80.28333333333335,149.33333333333334,0.0,1.3333333333333333,0.0,237.78333333333333,5.39
Resort Hotel,Offline TA/TO,TA/TO,Contract,1-4 weeks,No Deposit,92,7,47530.33,4206.05,502,94.4696739130435,19.92391304347826,0.010869565217391304,0.3804347826086957,0.07608695652173914,516.6340217391305,5.33
City Hotel,Online TA,TA/TO,Group,3-6 months,No Deposit,13,0,2774.5,0.0,32,92.53384615384616,147.23076923076923,0.0,2.0,0.0,213.42307692307693,5.31
Resort Hotel,Direct,Direct,Group,3-6 months,No Deposit,4,0,2619.3,0.0,16,152.275,147.0,0.25,1.75,0.0,654.825,5.3
Resort Hotel,Groups,TA/TO,Transient-Party,Same week,No Deposit,70,6,6437.5,708.0,122,56.824285714285715,3.4714285714285715,0.014285714285714285,0.34285714285714286,0.08571428571428572,91.96428571428571,5.28
City Hotel,Direct,Direct,Transient-Party,Same week,No Deposit,117,10,21973.82,2299.0,218,103.04008547008547,2.0683760683760686,0.042735042735042736,0.42735042735042733,0.08547008547008547,187.81042735042735,5.23
City Hotel,Corporate,Corporate,Transient,Same week,No Deposit,1034,85,131004.78,14283.5,1618,78.78800773694391,2.9448742746615086,0.5599613152804642,0.43036750483558994,0.08220502901353965,126.69707930367505,5.19
City Hotel,Online TA,TA/TO,Group,1-3 months,No Deposit,18,1,3974.7,111.6,42,99.96055555555556,51.05555555555556,0.1111111111111111,1.0,0.05555555555555555,220.81666666666666,5.18
City Hotel,Offline TA/TO,TA/TO,Transient,Same week,No Deposit,605,50,104723.28,9539.75,1282,75.86714049586777,2.6099173553719006,0.12231404958677686,0.27107438016528923,0.08264462809917356,173.0963305785124,5.16
Resort Hotel,Groups,TA/TO,Group,3-6 months,No Deposit,1,0,0.0,0.0,7,0.0,140.0,1.0,1.0,0.0,0.0,5.05
Resort Hotel,Offline TA/TO,TA/TO,Group,3-6 months,No Deposit,6,0,6065.889999999999,0.0,45,120.38833333333334,138.5,0.6666666666666666,1.5,0.0,1010.9816666666666,5.0
City Hotel,Offline TA/TO,TA/TO,Group,3-6 months,No Deposit,14,0,3612.14,0.0,51,72.79142857142857,138.0,0.0,0.35714285714285715,0.0,258.01,4.98
Resort Hotel,Direct,Corporate,Transient-Party,3-6 months,No Deposit,1,0,320.0,0.0,4,80.0,138.0,1.0,0.0,0.0,320.0,4.98
City Hotel,Offline TA/TO,Corporate,Transient-Party,3-6 months,No Deposit,91,1,29595.0,120.0,270,108.54945054945055,118.1978021978022,0.01098901098901099,0.04395604395604396,0.01098901098901099,325.2197802197802,4.92
City Hotel,Direct,Direct,Group,1-4 weeks,No Deposit,14,1,3877.14,170.0,32,121.48571428571428,17.428571428571427,0.14285714285714285,0.5714285714285714,0.07142857142857142,276.93857142857144,4.92
City Hotel,Online TA,TA/TO,Contract,Same week,No Deposit,405,31,120736.32,14079.13,1014,119.24748148148149,2.7679012345679013,0.014814814814814815,1.2493827160493827,0.07654320987654321,298.1143703703704,4.84
City Hotel,Offline TA/TO,GDS,Transient,1-4 weeks,No Deposit,14,1,3009.99,18.0,26,111.66642857142857,14.142857142857142,0.0,0.07142857142857142,0.07142857142857142,214.9992857142857,4.8
City Hotel,Complementary,Direct,Contract,3-6 months,No Deposit,1,0,6.0,0.0,1,6.0,130.0,0.0,2.0,0.0,6.0,4.69
Resort Hotel,Corporate,Corporate,Transient,Same week,No Deposit,1090,81,67590.07,7829.54,1466,47.18543119266055,2.403669724770642,0.3119266055045872,0.1853211009174312,0.07431192660550459,62.009238532110096,4.63
Resort Hotel,Groups,TA/TO,Contract,3-6 months,No Deposit,22,0,16298.01,0.0,191,83.61681818181818,127.95454545454545,0.0,0.3181818181818182,0.0,740.8186363636364,4.62
City Hotel,Online TA,Direct,Transient,Same week,No Deposit,40,3,6872.6,288.0,57,111.29,1.475,0.075,0.6,0.075,171.815,4.56
Resort Hotel,Corporate,Corporate,Transient-Party,Same week,No Deposit,149,11,12474.0,488.0,266,44.741610738255034,2.610738255033557,0.26174496644295303,0.19463087248322147,0.0738255033557047,83.71812080536913,4.53
Resort Hotel,Corporate,Direct,Transient,3-6 months,No Deposit,2,0,481.6,0.0,5,98.35,125.5,0.5,0.5,0.0,240.8,4.53
City Hotel,Offline TA/TO,TA/TO,Contract,3-6 months,No Deposit,11,0,4126.5,0.0,50,79.5,125.0909090909091,0.0,0.5454545454545454,0.0,375.1363636363636,4.51
City Hotel,Online TA,GDS,Transient,Same week,No Deposit,55,4,9405.99,692.0,68,123.93327272727272,3.0545454545454547,0.01818181818181818,0.14545454545454545,0.07272727272727272,171.018,4.48
City Hotel,Online TA,Direct,Group,3-6 months,No Deposit,1,0,198.0,0.0,2,99.0,124.0,0.0,1.0,0.0,198.0,4.47
Resort Hotel,Groups,TA/TO,Transient,3-6 months,No Deposit,15,0,4620.57,0.0,75,59.10466666666666,122.0,0.0,0.26666666666666666,0.0,308.03799999999995,4.4
Resort Hotel,Online TA,TA/TO,Transient,Same week,No Deposit,2955,190,535154.25,40993.91,5476,90.78806429780033,2.2835871404399324,0.06395939086294417,0.8629441624365483,0.06429780033840947,181.101269035533,4.38
Resort Hotel,Online TA,Direct,Transient,Same week,No Deposit,28,2,3618.1,482.0,38,87.27142857142857,1.5,0.5357142857142857,0.8214285714285714,0.07142857142857142,129.21785714285713,4.34
City Hotel,Direct,TA/TO,Transient,3-6 months,No Deposit,2,0,482.4,0.0,5,107.55,117.5,0.5,2.5,0.0,241.2,4.24
City Hotel,Groups,Corporate,Transient-Party,3-6 months,No Deposit,1,0,360.0,0.0,3,120.0,113.0,0.0,0.0,0.0,360.0,4.08
Resort Hotel,Corporate,Direct,Group,3-6 months,No Deposit,1,0,120.0,0.0,2,60.0,112.0,0.0,1.0,0.0,120.0,4.04
City Hotel,Corporate,Corporate,Transient-Party,Same week,No Deposit,234,15,34337.99,1628.4,391,84.08209401709401,2.6880341880341883,0.23504273504273504,0.2222222222222222,0.0641025641025641,146.743547008547,3.96
City Hotel,Corporate,Corporate,Transient,3-6 months,No Deposit,23,0,8405.91,0.0,86,88.65739130434783,109.65217391304348,0.391304347826087,0.13043478260869565,0.0,365.47434782608696,3.95
Resort Hotel,Corporate,Corporate,Transient,3-6 months,No Deposit,4,0,364.0,0.0,8,51.0,109.5,0.5,0.0,0.0,91.0,3.95
Resort Hotel,Direct,Direct,Transient,Same week,No Deposit,2596,154,381891.8,27059.68,4171,85.7987904468413,1.231124807395994,0.1236517719568567,0.30431432973805855,0.059322033898305086,147.107781201849,3.89
City Hotel,Complementary,Direct,Transient,3-6 months,No Deposit,8,0,0.0,0.0,14,0.0,106.0,0.25,2.25,0.0,0.0,3.82
Resort Hotel,Offline TA/TO,Direct,Contract,3-6 months,No Deposit,1,0,239.40000000000003,0.0,7,34.2,106.0,1.0,0.0,0.0,239.40000000000003,3.82
Resort Hotel,Direct,Undefined,Transient,3-6 months,No Deposit,1,0,563.5,0.0,5,112.7,103.0,0.0,2.0,0.0,563.5,3.72
City Hotel,Online TA,TA/TO,Transient-Party,3-6 months,Non Refund,1,0,695.8,0.0,4,173.95,102.0,0.0,2.0,0.0,695.8,3.68
Resort Hotel,Direct,Direct,Transient-Party,Same week,No Deposit,169,10,20481.55,1163.95,265,71.5792899408284,1.6568047337278107,0.08875739644970414,0.3609467455621302,0.05917159763313609,121.19260355029586,3.62
City Hotel,Direct,TA/TO,Transient,Same week,No Deposit,17,1,3317.0,90.0,28,117.23529411764706,1.0588235294117647,0.23529411764705882,0.5294117647058824,0.058823529411764705,195.11764705882354,3.57
City Hotel,Corporate,TA/TO,Transient,3-6 months,No Deposit,1,0,81.0,0.0,1,81.0,99.0,0.0,0.0,0.0,81.0,3.57
Resort Hotel,Offline TA/TO,TA/TO,Transient,Same week,No Deposit,655,35,76323.9,10482.86,1515,44.64146564885496,2.6763358778625954,0.08702290076335878,0.24274809160305344,0.05343511450381679,116.52503816793892,3.42
Resort Hotel,Complementary,TA/TO,Transient-Party,3-6 months,No Deposit,1,0,0.0,0.0,4,0.0,94.0,0.0,0.0,0.0,0.0,3.39
Resort Hotel,Offline TA/TO,TA/TO,Transient-Party,Same week,No Deposit,139,7,10898.82,623.4,216,45.98086330935252,2.935251798561151,0.02158273381294964,0.4676258992805755,0.050359712230215826,78.40877697841727,3.13
City Hotel,Offline TA/TO,TA/TO,Contract,Same week,No Deposit,20,1,4585.6,340.0,51,92.05,3.6,0.0,0.4,0.05,229.28000000000003,3.13
Resort Hotel,Direct,TA/TO,Transient,1-4 weeks,No Deposit,24,1,14707.69,445.5,98,134.65416666666667,16.708333333333332,0.5833333333333334,1.4166666666666667,0.041666666666666664,612.8204166666667,3.11
Resort Hotel,Corporate,TA/TO,Transient,1-3 months,No Deposit,1,0,254.0,0.0,2,127.0,86.0,0.0,0.0,0.0,254.0,3.1
Resort Hotel,Corporate,TA/TO,Transient-Party,1-3 months,No Deposit,8,0,1361.99,0.0,11,107.91625,85.625,0.0,0.0,0.0,170.24875,3.09
Resort Hotel,Direct,Corporate,Transient,1-4 weeks,No Deposit,25,1,2010.0,40.0,32,61.56,16.88,0.04,0.28,0.04,80.4,3.01
Resort Hotel,Corporate,Direct,Transient,Same week,No Deposit,62,3,4196.1,110.0,79,52.225806451612904,1.8225806451612903,0.45161290322580644,0.14516129032258066,0.04838709677419355,67.67903225806452,2.97
Resort Hotel,Complementary,TA/TO,Transient-Party,1-3 months,No Deposit,1,0,14.0,0.0,2,7.0,80.0,0.0,1.0,0.0,14.0,2.89
City Hotel,Corporate,Corporate,Transient-Party,1-3 months,Non Refund,4,0,954.0,0.0,9,106.0,76.75,0.0,0.0,0.0,238.5,2.77
City Hotel,Online TA,TA/TO,Group,1-4 weeks,No Deposit,28,1,5916.88,380.38,60,107.09928571428573,16.607142857142858,0.07142857142857142,1.0,0.03571428571428571,211.31714285714287,2.75
City Hotel,Online TA,TA/TO,Group,Same week,No Deposit,25,1,4473.27,558.25,44,100.91120000000001,1.56,0.6,1.16,0.04,178.9308,2.46
City Hotel,Groups,TA/TO,Transient-Party,1-3 months,Refundable,1,0,216.75,0.0,3,72.25,62.0,0.0,0.0,0.0,216.75,2.24
Resort Hotel,Online TA,TA/TO,Transient-Party,1-4 weeks,No Deposit,274,7,77735.12,3789.0,686,106.94383211678833,17.572992700729927,0.01824817518248175,1.1605839416058394,0.025547445255474453,283.70481751824815,2.21
City Hotel,Groups,Corporate,Transient,1-3 months,No Deposit,3,0,660.0,0.0,8,97.0,60.666666666666664,0.0,0.0,0.0,220.0,2.19
Resort Hotel,Direct,Direct,Group,Same week,No Deposit,29,1,3439.2,910.0,49,83.26206896551724,1.4137931034482758,0.3793103448275862,0.3103448275862069,0.034482758620689655,118.59310344827585,2.13
Resort Hotel,Corporate,Direct,Transient-Party,1-3 months,No Deposit,6,0,490.0,0.0,11,41.333333333333336,57.833333333333336,0.16666666666666666,0.0,0.0,81.66666666666667,2.09
City Hotel,Direct,TA/TO,Transient,1-3 months,No Deposit,2,0,737.9,0.0,5,149.475,56.5,0.0,2.0,0.0,368.95,2.04
Resort Hotel,Direct,TA/TO,Transient,1-3 months,No Deposit,9,0,7419.21,0.0,46,150.08555555555554,53.44444444444444,0.8888888888888888,1.0,0.0,824.3566666666667,1.93
Resort Hotel,Groups,TA/TO,Group,1-3 months,No Deposit,2,0,526.98,0.0,9,55.165,53.5,0.5,1.0,0.0,263.49,1.93
City Hotel,Corporate,Corporate,Transient-Party,1-3 months,Refundable,3,0,248.0,0.0,3,82.66666666666667,51.333333333333336,0.0,0.3333333333333333,0.0,82.66666666666667,1.85
City Hotel,Offline TA/TO,Direct,Transient,1-3 months,No Deposit,1,0,135.0,0.0,2,67.5,50.0,1.0,1.0,0.0,135.0,1.8
Resort Hotel,Online TA,TA/TO,Contract,1-3 months,No Deposit,1,0,1078.0,0.0,8,134.75,50.0,0.0,1.0,0.0,1078.0,1.8
Resort Hotel,Offline TA/TO,TA/TO,Group,Same week,No Deposit,35,1,3243.2,42.0,70,44.034285714285716,1.5714285714285714,0.5428571428571428,0.34285714285714286,0.02857142857142857,92.66285714285713,1.77
Resort Hotel,Corporate,Corporate,Group,1-3 months,No Deposit,1,0,405.0,0.0,3,135.0,49.0,0.0,1.0,0.0,405.0,1.77
Resort Hotel,Corporate,Direct,Transient,1-3 months,No Deposit,1,0,441.99,0.0,3,147.33,49.0,1.0,1.0,0.0,441.99,1.77
Resort Hotel,Groups,Direct,Transient,1-3 months,No Deposit,13,0,3191.0,0.0,34,97.76923076923077,48.84615384615385,0.0,0.23076923076923078,0.0,245.46153846153845,1.76
Resort Hotel,Groups,TA/TO,Contract,1-3 months,No Deposit,8,0,4263.0,0.0,52,79.625,47.875,0.0,0.5,0.0,532.875,1.73
City Hotel,Groups,Direct,Transient-Party,1-3 months,Non Refund,1,0,225.0,0.0,3,75.0,48.0,0.0,2.0,0.0,225.0,1.73
City Hotel,Groups,Direct,Transient,1-3 months,No Deposit,3,0,650.0,0.0,10,65.0,47.666666666666664,0.0,1.0,0.0,216.66666666666666,1.72
Resort Hotel,Direct,Corporate,Transient,1-3 months,No Deposit,9,0,1308.01,0.0,20,66.18555555555555,47.22222222222222,0.0,0.0,0.0,145.33444444444444,1.7
Resort Hotel,Online TA,Direct,Transient-Party,1-3 months,No Deposit,4,0,1785.0,0.0,8,173.75,47.0,0.75,2.0,0.0,446.25,1.7
Resort Hotel,Online TA,Corporate,Transient,1-3 months,No Deposit,2,0,108.41,0.0,2,54.205,47.0,0.0,1.0,0.0,54.205,1.7
City Hotel,Online TA,Direct,Transient,1-3 months,No Deposit,1,0,170.0,0.0,1,170.0,42.0,0.0,3.0,0.0,170.0,1.51
City Hotel,Corporate,TA/TO,Transient-Party,1-4 weeks,No Deposit,79,1,10335.44,81.0,130,79.56607594936709,19.126582278481013,0.0,0.12658227848101267,0.012658227848101266,130.82835443037976,1.45
Resort Hotel,Offline TA/TO,Corporate,Transient,1-3 months,No Deposit,4,0,186.0,0.0,4,46.5,38.75,0.0,0.5,0.0,46.5,1.4
City Hotel,Groups,TA/TO,Group,1-3 months,No Deposit,2,0,320.0,0.0,4,75.0,38.0,0.0,1.0,0.0,160.0,1.37
Resort Hotel,Online TA,TA/TO,Transient-Party,Same week,No Deposit,301,6,46953.41,380.4,483,89.86634551495017,2.6511627906976742,0.036544850498338874,0.7873754152823921,0.019933554817275746,155.99139534883722,1.3
City Hotel,Corporate,Direct,Transient,1-3 months,No Deposit,1,0,427.5,0.0,6,71.25,35.0,0.0,2.0,0.0,427.5,1.26
City Hotel,Complementary,TA/TO,Transient-Party,1-3 months,No Deposit,4,0,548.0,0.0,8,68.5,33.0,0.0,0.0,0.0,137.0,1.19
Resort Hotel,Complementary,Corporate,Transient,1-3 months,No Deposit,1,0,0.0,0.0,2,0.0,31.0,0.0,1.0,0.0,0.0,1.12
Resort Hotel,Complementary,Direct,Transient-Party,1-3 months,No Deposit,1,0,0.0,0.0,2,0.0,31.0,1.0,3.0,0.0,0.0,1.12
City Hotel,Offline TA/TO,Direct,Transient,1-4 weeks,No Deposit,1,0,150.0,0.0,2,75.0,29.0,1.0,1.0,0.0,150.0,1.05
City Hotel,Offline TA/TO,TA/TO,Transient-Party,1-4 weeks,Refundable,1,0,189.0,0.0,3,63.0,29.0,0.0,0.0,0.0,189.0,1.05
Resort Hotel,Corporate,Corporate,Group,1-4 weeks,No Deposit,2,0,400.0,0.0,8,50.0,26.0,1.0,0.0,0.0,200.0,0.94
City Hotel,Corporate,TA/TO,Transient,1-4 weeks,No Deposit,2,0,323.4,0.0,3,112.1,23.5,0.0,0.0,0.0,161.7,0.85
City Hotel,Complementary,TA/TO,Transient,1-4 weeks,No Deposit,3,0,0.0,0.0,7,0.0,23.0,0.3333333333333333,1.0,0.0,0.0,0.83
Resort Hotel,Online TA,Direct,Transient-Party,1-4 weeks,No Deposit,2,0,265.01,0.0,5,53.835,23.0,1.0,1.5,0.0,132.505,0.83
City Hotel,Complementary,TA/TO,Group,1-4 weeks,No Deposit,1,0,0.0,0.0,2,0.0,23.0,0.0,1.0,0.0,0.0,0.83
City Hotel,Corporate,Direct,Transient-Party,1-4 weeks,No Deposit,2,0,67.0,0.0,1,33.5,22.0,0.0,1.0,0.0,33.5,0.79
City Hotel,Corporate,Corporate,Transient-Party,1-4 weeks,Non Refund,1,0,150.0,0.0,2,75.0,22.0,0.0,0.0,0.0,150.0,0.79
Resort Hotel,Groups,TA/TO,Transient-Party,1-4 weeks,Non Refund,7,0,763.0,0.0,14,54.5,21.571428571428573,0.0,0.0,0.0,109.0,0.78
Resort Hotel,Groups,TA/TO,Transient,1-4 weeks,No Deposit,4,0,614.0,0.0,12,38.0,20.5,0.0,0.0,0.0,153.5,0.74
Resort Hotel,Offline TA/TO,Corporate,Transient,1-4 weeks,No Deposit,4,0,324.0,0.0,10,34.5,19.0,0.25,0.5,0.0,81.0,0.69
Resort Hotel,Complementary,Corporate,Transient-Party,1-4 weeks,No Deposit,2,0,240.0,0.0,35,24.0,19.0,0.5,1.0,0.0,120.0,0.69
Resort Hotel,Corporate,Corporate,Transient-Party,1-4 weeks,Non Refund,1,0,48.0,0.0,1,48.0,19.0,0.0,0.0,0.0,48.0,0.69
City Hotel,Online TA,Direct,Transient,1-4 weeks,No Deposit,6,0,920.74,0.0,9,82.94666666666667,18.666666666666668,0.3333333333333333,1.0,0.0,153.45666666666668,0.67
Resort Hotel,Direct,Corporate,Transient-Party,1-4 weeks,No Deposit,4,0,615.2,0.0,11,57.55,18.25,0.5,0.25,0.0,153.8,0.66
City Hotel,Groups,Direct,Transient-Party,1-4 weeks,Non Refund,1,0,92.65,0.0,1,92.65,18.0,0.0,0.0,0.0,92.65,0.65
Resort Hotel,Direct,Direct,Group,1-4 weeks,No Deposit,5,0,2134.1,0.0,15,103.64000000000001,17.2,0.4,1.0,0.0,426.82,0.62
City Hotel,Direct,TA/TO,Transient,1-4 weeks,No Deposit,6,0,2021.0,0.0,18,121.08333333333333,15.833333333333334,0.3333333333333333,1.3333333333333333,0.0,336.8333333333333,0.57
Resort Hotel,Direct,TA/TO,Group,1-4 weeks,No Deposit,3,0,266.0,0.0,4,67.66666666666667,15.333333333333334,0.3333333333333333,1.6666666666666667,0.0,88.66666666666667,0.55
Resort Hotel,Groups,Corporate,Transient,1-4 weeks,No Deposit,6,0,743.0,0.0,14,55.666666666666664,14.833333333333334,0.0,0.16666666666666666,0.0,123.83333333333333,0.54
Resort Hotel,Online TA,Direct,Transient,1-4 weeks,No Deposit,11,0,3001.0,0.0,25,97.6,13.090909090909092,0.5454545454545454,1.2727272727272727,0.0,272.8181818181818,0.47
City Hotel,Groups,Direct,Transient,1-4 weeks,No Deposit,5,0,616.65,0.0,6,109.92999999999999,12.2,0.0,0.0,0.0,123.33,0.44
City Hotel,Corporate,Direct,Transient,1-4 weeks,No Deposit,4,0,1060.0,0.0,8,115.5,12.0,0.25,1.0,0.0,265.0,0.43
Resort Hotel,Online TA,Direct,Group,1-4 weeks,No Deposit,3,0,436.85,0.0,7,85.65666666666668,12.0,0.6666666666666666,2.0,0.0,145.61666666666667,0.43
Resort Hotel,Online TA,TA/TO,Group,1-4 weeks,No Deposit,13,0,2079.4,0.0,34,64.23076923076923,11.538461538461538,0.7692307692307693,0.8461538461538461,0.0,159.95384615384617,0.42
Resort Hotel,Corporate,TA/TO,Transient,1-4 weeks,No Deposit,2,0,149.0,0.0,3,53.5,11.5,1.0,0.5,0.0,74.5,0.41
City Hotel,Aviation,TA/TO,Transient,1-4 weeks,No Deposit,2,0,770.0,0.0,7,110.0,11.0,1.0,0.0,0.0,385.0,0.4
Resort Hotel,Direct,Direct,Transient-Party,1-4 weeks,Refundable,1,0,70.0,0.0,1,70.0,11.0,0.0,1.0,0.0,70.0,0.4
Resort Hotel,Groups,TA/TO,Group,1-4 weeks,No Deposit,1,0,50.0,0.0,1,50.0,11.0,0.0,1.0,0.0,50.0,0.4
Resort Hotel,Direct,Direct,Transient-Party,1-4 weeks,Non Refund,1,0,38.0,0.0,1,38.0,10.0,0.0,0.0,0.0,38.0,0.36
Resort Hotel,Corporate,Corporate,Contract,1-4 weeks,No Deposit,8,0,1051.2,0.0,21,46.575,9.75,0.0,0.0,0.0,131.4,0.35
Resort Hotel,Groups,TA/TO,Transient-Party,1-4 weeks,Refundable,16,0,1372.0,0.0,17,77.75,9.3125,0.0625,0.0625,0.0,85.75,0.34
Resort Hotel,Groups,TA/TO,Group,1-4 weeks,Refundable,6,0,426.0,0.0,6,71.0,9.0,0.0,0.0,0.0,71.0,0.32
City Hotel,Direct,Direct,Contract,1-4 weeks,No Deposit,1,0,105.0,0.0,1,105.0,9.0,0.0,2.0,0.0,105.0,0.32
Resort Hotel,Corporate,TA/TO,Transient-Party,1-4 weeks,No Deposit,3,0,360.0,0.0,3,120.0,8.666666666666666,0.0,0.0,0.0,120.0,0.31
City Hotel,Groups,Corporate,Transient-Party,1-4 weeks,No Deposit,2,0,416.0,0.0,4,106.0,8.5,0.0,0.5,0.0,208.0,0.31
Resort Hotel,Complementary,Corporate,Contract,1-4 weeks,No Deposit,1,0,12.0,0.0,5,2.4,8.0,1.0,2.0,0.0,12.0,0.29
Resort Hotel,Corporate,Corporate,Transient-Party,Same week,Non Refund,6,0,2484.0,0.0,24,103.5,7.0,0.0,0.0,0.0,414.0,0.25
Resort Hotel,Corporate,TA/TO,Group,Same week,No Deposit,1,0,38.0,0.0,1,38.0,7.0,1.0,0.0,0.0,38.0,0.25
City Hotel,Groups,Corporate,Transient-Party,Same week,No Deposit,20,0,6410.0,0.0,58,110.5,5.45,0.0,0.0,0.0,320.5,0.2
Resort Hotel,Online TA,Direct,Transient-Party,Same week,No Deposit,3,0,202.0,0.0,3,67.33333333333333,5.0,1.0,1.0,0.0,67.33333333333333,0.18
Resort Hotel,Corporate,Corporate,Contract,Same week,No Deposit,2,0,235.0,0.0,5,47.5,5.0,0.0,0.5,0.0,117.5,0.18
Resort Hotel,Online TA,Corporate,Transient-Party,Same week,No Deposit,1,0,67.24,0.0,1,67.24,5.0,1.0,0.0,0.0,67.24,0.18
City Hotel,Groups,Direct,Transient-Party,Same week,No Deposit,3,0,750.0,0.0,8,93.33333333333333,4.666666666666667,0.0,0.0,0.0,250.0,0.17
Resort Hotel,Offline TA/TO,TA/TO,Contract,Same week,No Deposit,20,0,8415.01,0.0,113,71.6585,4.05,0.05,0.05,0.0,420.7505,0.15
City Hotel,Corporate,Corporate,Transient-Party,Same week,Non Refund,4,0,600.0,0.0,6,97.0,3.75,0.75,0.0,0.0,150.0,0.14
City Hotel,Offline TA/TO,Direct,Transient,Same week,No Deposit,1,0,90.0,0.0,1,90.0,4.0,1.0,1.0,0.0,90.0,0.14
Resort Hotel,Groups,Direct,Transient-Party,Same week,Refundable,1,0,68.0,0.0,2,34.0,4.0,0.0,0.0,0.0,68.0,0.14
Resort Hotel,Groups,TA/TO,Transient-Party,Same week,Non Refund,1,0,109.0,0.0,2,54.5,4.0,0.0,0.0,0.0,109.0,0.14
Resort Hotel,Groups,TA/TO,Transient,Same week,No Deposit,6,0,911.0,0.0,13,51.666666666666664,3.6666666666666665,0.0,0.3333333333333333,0.0,151.83333333333334,0.13
City Hotel,Online TA,Direct,Contract,Same week,No Deposit,2,0,423.0,0.0,4,102.5,3.5,0.0,2.0,0.0,211.5,0.13
Resort Hotel,Offline TA/TO,Corporate,Group,Same week,No Deposit,2,0,95.0,0.0,3,32.5,3.5,1.0,0.0,0.0,47.5,0.13
Resort Hotel,Corporate,TA/TO,Transient,Same week,No Deposit,21,0,1477.5,0.0,35,44.333333333333336,3.2857142857142856,0.7619047619047619,0.8571428571428571,0.0,70.35714285714286,0.12
Resort Hotel,Complementary,TA/TO,Transient-Party,Same week,No Deposit,4,0,108.0,0.0,10,13.5,3.0,0.0,0.0,0.0,27.0,0.11
Resort Hotel,Direct,Corporate,Transient-Party,Same week,No Deposit,3,0,113.0,0.0,3,37.666666666666664,3.0,1.0,1.0,0.0,37.666666666666664,0.11
City Hotel,Direct,TA/TO,Transient-Party,Same week,No Deposit,2,0,264.0,0.0,2,132.0,3.0,0.5,0.5,0.0,132.0,0.11
City Hotel,Groups,Direct,Transient-Party,Same week,Non Refund,1,0,65.0,0.0,1,65.0,3.0,0.0,1.0,0.0,65.0,0.11
Resort Hotel,Direct,TA/TO,Transient-Party,Same week,Refundable,1,0,70.0,0.0,1,70.0,3.0,0.0,0.0,0.0,70.0,0.11
Resort Hotel,Complementary,Corporate,Transient,Same week,No Deposit,8,0,0.0,0.0,13,0.0,2.875,0.125,0.75,0.0,0.0,0.1
Resort Hotel,Corporate,Direct,Transient-Party,Same week,No Deposit,5,0,907.6,0.0,9,107.04,2.6,0.0,0.2,0.0,181.52,0.09
City Hotel,Offline TA/TO,Corporate,Transient-Party,Same week,No Deposit,4,0,1250.0,0.0,11,112.5,2.5,0.0,0.5,0.0,312.5,0.09
Resort Hotel,Groups,Corporate,Transient-Party,Same week,Non Refund,2,0,72.0,0.0,2,36.0,2.5,0.0,0.0,0.0,36.0,0.09
City Hotel,Direct,TA/TO,Group,Same week,No Deposit,8,0,1517.0,0.0,15,106.375,2.125,0.125,1.375,0.0,189.625,0.08
Resort Hotel,Online TA,Corporate,Transient,Same week,No Deposit,7,0,558.9,0.0,9,66.84285714285714,1.8571428571428572,0.7142857142857143,1.0,0.0,79.84285714285714,0.07
City Hotel,Groups,TA/TO,Group,Same week,No Deposit,2,0,374.99,0.0,5,76.66499999999999,2.0,1.0,0.0,0.0,187.495,0.07
Resort Hotel,Offline TA/TO,Direct,Transient,Same week,No Deposit,2,0,86.0,0.0,2,43.0,2.0,1.0,0.0,0.0,43.0,0.07
City Hotel,Complementary,Corporate,Transient-Party,Same week,No Deposit,1,0,0.0,0.0,1,0.0,2.0,1.0,1.0,0.0,0.0,0.07
Resort Hotel,Direct,TA/TO,Transient,Same week,No Deposit,101,0,15665.59,0.0,154,100.62772277227722,1.4356435643564356,0.48514851485148514,1.108910891089109,0.0,155.10485148514852,0.05
Resort Hotel,Online TA,TA/TO,Group,Same week,No Deposit,50,0,5093.08,0.0,73,71.9716,1.44,0.38,0.56,0.0,101.8616,0.05
City Hotel,Corporate,Direct,Transient,Same week,No Deposit,43,0,6003.1900000000005,0.0,72,82.66674418604651,1.5116279069767442,0.32558139534883723,0.7441860465116279,0.0,139.60906976744187,0.05
City Hotel,Complementary,TA/TO,Transient,Same week,No Deposit,23,0,210.0,0.0,30,9.0,1.3043478260869565,0.2608695652173913,0.9130434782608695,0.0,9.130434782608695,0.05
Resort Hotel,Direct,TA/TO,Group,Same week,No Deposit,15,0,2505.25,0.0,24,107.81666666666666,1.2666666666666666,0.5333333333333333,0.8,0.0,167.01666666666668,0.05
Resort Hotel,Corporate,Corporate,Group,Same week,No Deposit,8,0,714.2,0.0,13,56.9,1.375,0.75,0.0,0.0,89.275,0.05
Resort Hotel,Groups,Corporate,Transient,Same week,No Deposit,8,0,753.01,0.0,20,53.30375,1.5,0.125,0.125,0.0,94.12625,0.05
City Hotel,Complementary,Direct,Group,Same week,No Deposit,4,0,237.0,0.0,6,19.75,1.0,0.5,0.75,0.0,59.25,0.04
Resort Hotel,Offline TA/TO,Corporate,Transient,Same week,No Deposit,4,0,229.5,0.0,4,57.375,1.0,1.0,0.0,0.0,57.375,0.04
City Hotel,Direct,Direct,Transient-Party,Same week,Non Refund,2,0,234.0,0.0,2,117.0,1.0,0.0,0.0,0.0,117.0,0.04
City Hotel,Offline TA/TO,Corporate,Transient,Same week,No Deposit,1,0,110.5,0.0,1,110.5,1.0,0.0,0.0,0.0,110.5,0.04
Resort Hotel,Direct,TA/TO,Transient-Party,Same week,No Deposit,9,0,983.0,0.0,13,66.27777777777777,0.4444444444444444,0.8888888888888888,1.7777777777777777,0.0,109.22222222222223,0.02
City Hotel,Groups,Corporate,Transient,Same week,No Deposit,3,0,550.0,0.0,6,91.66666666666667,0.0,0.0,0.0,0.0,183.33333333333334,0.0
City Hotel,Aviation,Corporate,Group,Same week,No Deposit,2,0,220.0,0.0,2,110.0,0.0,0.0,0.0,0.0,110.0,0.0
Resort Hotel,Direct,TA/TO,Group,Same week,Refundable,2,0,140.0,0.0,2,70.0,0.0,1.0,0.0,0.0,70.0,0.0
City Hotel,Direct,GDS,Transient,Same week,No Deposit,1,0,228.0,0.0,2,114.0,0.0,0.0,0.0,0.0,228.0,0.0
City Hotel,Offline TA/TO,TA/TO,Transient-Party,Same week,Refundable,1,0,170.0,0.0,2,85.0,0.0,0.0,0.0,0.0,170.0,0.0
City Hotel,Online TA,Direct,Transient-Party,Same week,No Deposit,1,0,99.0,0.0,1,99.0,0.0,0.0,1.0,0.0,99.0,0.0
Resort Hotel,Complementary,Direct,Group,Same week,No Deposit,1,0,0.0,0.0,3,0.0,0.0,0.0,0.0,0.0,0.0,0.0
Resort Hotel,Direct,Corporate,Group,Same week,No Deposit,1,0,35.0,0.0,1,35.0,0.0,1.0,0.0,0.0,35.0,0.0
Resort Hotel,Groups,Direct,Transient-Party,Same week,Non Refund,1,0,120.0,0.0,2,60.0,0.0,0.0,0.0,0.0,120.0,0.0
Resort Hotel,Online TA,TA/TO,Transient-Party,Same week,Non Refund,1,0,245.0,0.0,1,245.0,0.0,1.0,1.0,0.0,245.0,0.0
